object_id,gmted_drainage_density_without_1,srtm_filled_dem,GCN250_ARCIII_average,Inundation,sum,assam_dist_from_major_rivers_updated_3857,strm_filled_slope_degrees,ndvi,assam_soil_silt,assam_soil_loamysand,assam_soil_rocky,assam_lith_neogene,assam_lith_paleogene,assam_lith_paleozoic,assam_lith_quaternary,assam_lith_tertiary,assam_lith_undevelopedprecambrian,assam_lith_water,landuse_rangeland,landuse_vegetation,landuse_water,ind_ppp_UNadj,aged,young,percaay,deprived,nophone,noSanitation,nodrinkingWater,totLivestock,proximity_hosptial_rd,proximity_embankment_rd,proximity_rail_rd,proximity_local_rd,proximity_arterial_rd,ndbi,population_affected,human_lives_lost,roads_dam,bridges_dam,embankment_total,Count_Roads_Bridges_Embankments,Sum_Roads_Bridges_Embankments,Count_Erosion,Sum_Erosion,Count_IM,Sum_IM,Count_new_const,Sum_new_const,Count_repair_rest_imp,Sum_repair_rest_imp,Count_relief_preparation,Sum_relief_preparation,Count_goods,Sum_goods,Count_Total,Sum_Total,Count_SDRF,Sum_SDRF,Count_SOPD,Sum_SOPD,Count_CIDF,Sum_CIDF,Count_LTIF,Sum_LTIF,Count_RIDF,Sum_RIDF
101,0.0005436853714,81.64575917,88.61970625,0.09305902032,3013.54263,14348.23146,88.88921359,0.7294981526,0,1,0,0,0,0,1,0,0,0,0,1,0,2617.2,5.2,232.4,17,196.6,980.6,890.2,336.6,1980.6,7600.499765,5.03E-05,13513.74676,1972.491355,9564.896205,0.5073202443,57728,1,149,40,33,32,536234880,10,120705127,31,324150064,18,387070277,41,398928268,0,0,0,0,67,946747489,11,79275254,11,119498460,0,0,0,0,1,9930656
102,0.0006426100281,47.99769798,89.13284686,0.09285329514,2816.096338,23043.78834,88.55045412,0.7000846195,0,1,0,0,0,0,1,0,0,0,0,1,0,468.8,0,26.2,1.4,104.4,121.4,159.8,48.2,344.8,2769.18679,4.55E-05,3466.873711,289.4190368,3610.069242,0.5280488067,17767,0,108,39,33,15,164405953,5,199558714,8,125010694,14,228236860,11,166798342,0,0,0,0,26,440115556,7,110011216,6,57529055,0,0,0,0,1,12771228
103,0.0006515915277,55.38518997,89.74057754,0.2594550117,2860.801365,32052.14892,89.03657815,0.677208241,0,1,0,0,0,0,1,0,0,0,0,1,0,1503.4,17.8,190.2,82,164.6,445,508.6,229.4,1181,2158.814641,0.0003394565698,4674.496252,259.1065767,2871.736051,0.5573779486,30261,3,96,39,33,23,128222681,7,112623666,17,169023251,17,79470274,19,169971140,0,0,0,0,42,368844995,6,49024603,13,67508469,0,0,0,0,2,25812326
104,0.00051579388,106.7883074,88.33284597,0.08173420364,2933.143838,38222.61632,89.23811252,0.7414106329,0,1,0,0,0,0,1,0,0,0,0,1,0,2695.4,48,281,86.4,126.8,756.2,882.4,336.4,2030.2,7434.662974,0.0002303476813,18226.10922,1759.991525,3653.813329,0.502090555,98730,2,111,40,33,75,1197821390,15,766760511,29,286253950,57,1114737805,39,530860057,0,0,0,0,110,2173975415,16,146858151,33,661589280,0,0,0,0,6,178490808
105,0.0005372917332,49.0240693,88.15258066,0.1901968998,2603.118901,13884.24988,88.3776797,0.7284124041,0,0,0,0,0,0,1,0,0,0,0,1,0,861.6,5.6,90.6,23.6,29.2,415.8,287.6,96,644.8,4907.212625,3.81E-05,3429.685392,468.6723899,7299.23291,0.5105711646,134973,1,106,51,34,3,11677121,0,0,5,43876673,0,0,6,45876673,0,0,0,0,6,45876673,4,33676673,1,2000000,0,0,0,0,0,0
106,0.0005778218499,42.92516078,88.42040846,0.1495577277,2646.484254,5421.895308,88.58114248,0.7143227594,0,1,0,0,0,0,1,0,0,0,0,1,0,388.8,0,54.2,3.4,34.8,176,141.4,59.4,305.8,6092.177896,4.09E-05,4652.04781,318.5735162,3270.305376,0.5048248557,0,0,96,39,33,1,1758136,0,0,1,14988965,1,1758136,0,0,0,0,0,0,2,16747101,0,0,0,0,0,0,0,0,0,0
107,0.0005203741492,42.04030207,88.35582983,0.7838361904,2613.550928,10168.17332,88.08721608,0.7154744334,0,1,0,0,0,0,1,0,0,0,0,1,0,676.6,2.2,100,34.4,47,291.2,234,98.2,538.2,3824.578744,5.27E-05,4892.82415,354.2979325,6244.978766,0.4974504455,0,0,96,39,33,6,35610919,1,3500000,4,26250897,3,21856646,6,31753341,0,0,0,0,10,61021987,3,20338897,4,27211364,0,0,0,0,0,0
108,0.000518246367,94.5798576,87.87846992,0.298942669,2420.757781,15348.42816,88.16532527,0.7538960462,0,0,0,0,0,0,1,0,0,0,0,1,0,850,30.2,120.8,67.4,26.6,270.2,281.8,122.4,678.4,5289.708413,9.75E-05,7239.935788,582.9832685,4925.662874,0.468518311,0,0,96,39,33,9,68778808,3,34492065,2,42999570,8,43779176,2,42999570,0,0,0,0,13,121270811,1,24999632,2,13767660,0,0,0,0,2,19876238
109,0.0006447406374,31.82918943,90.90207484,0.6390937395,2281.265156,3989.830812,79.18043686,0.5966608587,0,0,1,0,0,0,1,0,0,0,0,1,0,1409.2,52,199.2,133.4,194,716.8,617.6,31.4,1911.4,3510.808008,0.0001126636353,7272.080473,1026.647809,6771.592825,0.5057950321,0,0,126,16,2,3,37163106,0,0,1,7134964,1,14850142,2,22312964,0,0,0,0,3,37163106,1,7134964,2,30028142,0,0,0,0,0,0
110,0.0006897871777,33.57388447,90.26834577,0.1054323971,3059.32141,7079.44182,85.89572137,0.6364422688,0,1,0,0,0,0,1,0,0,0,0,1,0,1375.4,1.4,201.2,174,276.2,588,590.4,36.6,1877.6,3519.091815,3.35E-05,2959.432406,287.6272496,2739.143967,0.5261697081,1190,2,136,16,2,13,148892055,0,0,6,30485601,3,90738000,10,58154055,0,0,0,0,13,148892055,6,30485601,7,118406454,0,0,0,0,0,0
111,0.0006671176347,31.57416673,90.00112986,0.5675311162,2487.050267,3060.438,87.95546434,0.6534874713,0,1,0,0,0,0,1,0,0,0,0,1,0,1259.2,8.8,180.8,154.2,315,568.6,547.2,31.6,1735.4,2579.610567,6.46E-05,4029.260503,238.5633206,1999.009522,0.5188135415,1179,0,149,16,2,12,106270377,1,12326241,2,15134348,5,55188304,7,51082073,0,0,0,0,13,118596618,2,15134348,10,91136029,0,0,0,0,1,12326241
112,0.0006681245992,29.51550498,90.58396834,0.5005691577,2085.122368,3265.090994,83.39909394,0.6015256851,0,1,0,0,0,0,1,0,0,0,0,1,0,3092.8,143,456.8,290.6,515.2,1394.4,1369.2,85.6,4224.8,3197.863387,0.0001996008135,6556.785701,820.9410097,4665.041853,0.5218983197,522666,2,160,28,2,29,820879735,7,332323066,21,697031223,2,20118843,28,826194120,0,0,0,0,41,1335198351,21,697031223,12,440980163,0,0,0,0,7,188886965
113,0.0006353356674,37.67501643,89.84620354,0.6137646244,2323.480486,10919.44418,88.63814465,0.6673550796,0,1,0,0,0,0,1,0,0,0,0,1,0,2490.2,75.6,358.2,247.4,363,997,1084.6,55.2,3397.2,2813.431233,6.96E-05,4367.782652,235.3351371,2799.668171,0.5265321865,393059,5,177,16,2,24,303066527,2,19802652,15,115457763,2,124483100,26,214013358,0,0,0,0,30,358299110,15,115457763,12,106537595,0,0,0,0,3,136303752
114,0.000592004414,42.21913728,89.2548181,0.5991649017,2462.965778,7564.822272,87.68679479,0.6706228385,0,1,0,0,0,0,1,0,0,0,0,1,0,540.6,6.2,61.6,37.4,142.2,138,224.4,11.4,699.2,2521.309112,6.50E-05,2501.58932,314.8055952,1855.81585,0.5009506901,168683,1,132,16,3,2,38798000,0,0,0,0,0,0,3,44797943,0,0,0,0,3,44797943,0,0,3,44797943,0,0,0,0,0,0
115,0.0006150391974,35.3270351,90.50531207,0.3979714395,2351.101052,13946.30359,80.1398723,0.5750612503,0,0,0,0,0,0,1,0,0,0,0,1,0,1649.6,1.4,221.2,65.2,374,997,498.8,135.2,2237.2,4127.571008,0.0004901122932,18165.88997,919.8816683,4548.661903,0.5145279271,458793,7,42,5,2,11,182851842,4,39816611,8,44944835,5,144178278,8,53253094,0,0,0,0,18,246951796,7,40895175,7,56834531,0,0,0,0,3,136385090
116,0.0005332594459,64.70370104,88.82010228,0.2757479244,2491.488209,14895.54689,87.35465606,0.687711813,0,0,0,0,0,0,1,0,0,0,0,1,0,2383.4,12.2,347,97.8,325.2,977,735.2,210.8,3274,3174.860216,0.0003718972399,10171.97352,439.2346906,2437.153524,0.5093472895,219639,4,24,7,2,14,324183125,0,0,6,205940184,3,78264458,9,116611758,0,0,0,0,14,324183125,6,205940184,4,37425874,0,0,0,0,3,73291609
117,0.0005849849319,49.7637832,89.36775647,0.54040938,2266.533001,13926.53693,86.76804875,0.6638644413,0,0,0,0,0,0,1,0,0,0,0,1,0,2367,0.6,368.4,117.2,399,882.2,707,255,3273.6,3082.454859,0.0003341616025,5686.48327,339.0128376,2752.297906,0.5471840719,74216,7,12,4,4,6,121027517,20,852037292,5,117893105,2,67376000,6,86545135,0,0,0,0,27,1003064457,5,117893105,5,95846853,0,0,0,0,0,0
118,0.0005606166498,54.71464418,89.33010896,0.1094631083,2083.518897,22572.73636,89.22075798,0.7029411063,0,0,0,0,0,0,1,0,0,0,0,1,0,571,0,22.2,4.2,46,134.8,208.4,10.8,752.2,3010.968696,0.0001480807964,2559.42598,231.610586,2489.529593,0.5502334201,82,0,6,4,3,2,29999410,2,119470314,2,29999410,0,0,0,0,0,0,0,0,4,149469724,2,29999410,2,119470314,0,0,0,0,0,0
119,0.0005647592137,52.47068052,89.13912344,0.2242216302,1620.664917,24057.78858,89.29780927,0.707248561,0,0,0,0,0,0,1,0,0,0,0,1,0,1121.2,0,149.6,21.6,152.8,342,345,73.8,1519,3228.826474,7.45E-05,5151.851956,270.8966876,2621.076134,0.5303471963,0,4,4,4,2,6,162132335,0,0,1,4985888,5,157146447,1,4985888,0,0,0,0,6,162132335,1,4985888,1,2437624,0,0,0,0,0,0
120,0.0006631848966,40.25481442,90.57443046,0.3224339271,2477.798265,5333.948622,78.65473641,0.6131005213,0,1,0,0,0,0,1,0,0,0,0,1,0,1678.4,67.8,210.2,177.2,286,968.4,695.2,0,1550.8,2934.127646,0.0004710580302,15016.39035,632.7737887,3242.159315,0.5004970647,710468,8,931,127,74,1,6921000,0,0,0,0,1,6921000,0,0,0,0,0,0,1,6921000,0,0,1,6921000,0,0,0,0,0,0
121,0.0006405646271,39.52041144,91.24036098,0.4863194272,2136.962227,3798.137923,73.33831137,0.5766810178,0,1,0,0,0,0,1,0,0,0,0,1,0,2400,31,351.8,205.4,435.8,1355.2,1014.8,0.2,2235.4,4484.843235,0.0006213051288,21513.40943,998.2007611,4836.039758,0.5132199184,370497,10,927,120,76,17,443766584,1,24536816,12,152186694,6,179407384,14,341986584,1,21052384,0,0,21,499826384,12,152186694,6,227770490,0,0,0,0,2,98816816
122,0.0006584161236,42.28068526,90.42458874,1.174010461,1775.663569,5310.6571,86.92749062,0.6706223854,0,1,0,0,0,0,1,0,0,0,0,1,0,2920,145.2,387.8,288.2,391.8,1420,1221.4,6.2,2689.6,2266.850381,0.0006990592395,19573.96376,281.3561485,1830.240038,0.5013186389,802928,13,1079,121,74,40,834813898,33,1419647026,37,640173368,5,206231538,50,1651992106,0,0,0,0,80,2419403400,37,640173368,30,1496965757,0,0,0,0,11,278619475
123,0.0006562028341,42.82120024,90.01652049,1.495311186,1680.307449,6094.076362,88.0077389,0.6808429685,0,1,0,0,0,0,1,0,0,0,0,1,0,1728.8,32.8,259.2,149.4,291.4,641.8,718.8,0.6,1612.6,2092.852145,0.0002071546313,14718.80913,188.7530785,2154.575043,0.504088254,744489,9,944,123,79,1,9609000,2,19961478,1,11999965,0,0,2,21608965,0,0,0,0,4,41570443,0,0,1,9609000,0,0,0,0,1,8000000
124,0.0006816049127,48.87558539,89.12343602,0.8298053939,1754.683374,23418.45266,89.22032358,0.6979100217,0,0,0,0,0,0,1,0,0,0,0,1,0,917.2,3.4,142,77.4,78.2,174.4,386.6,0.2,862.2,1970.143654,0.0006832833283,4738.953174,220.6498499,1563.951634,0.5400345145,285400,7,951,132,81,1,767556000,0,0,0,0,0,0,1,767556000,0,0,0,0,1,767556000,0,0,1,767556000,0,0,0,0,0,0
125,0.0006997752198,51.94636499,89.11446799,0.8532905691,1764.181756,30886.56106,89.98062594,0.6891472811,0,0,0,1,0,0,0,0,0,0,0,1,0,166.4,0,18.8,6.2,0.4,1.4,68.6,0.2,152.4,2073.890399,0.0001142214272,13587.12879,261.0441714,1532.53882,0.5562636598,0,0,919,120,73,NaN,NaN,NaN,NaN,NaN,NaN,NaN,NaN,NaN,NaN,NaN,NaN,NaN,NaN,NaN,NaN,NaN,NaN,NaN,NaN,NaN,NaN,NaN,NaN,NaN,NaN
126,0.0006196971301,57.0831518,90.84320098,1.611416611,1179.041689,10497.12166,79.74083339,0.5788268977,0,0,0,0,0,0,1,0,0,0,0,1,0,953,19.2,143,55.2,172.2,431.8,405.8,18.2,1107,3641.138121,0.0005131708103,22462.16504,1215.886046,5430.590827,0.498675332,196386,7,70,6,5,NaN,NaN,NaN,NaN,NaN,NaN,NaN,NaN,NaN,NaN,NaN,NaN,NaN,NaN,NaN,NaN,NaN,NaN,NaN,NaN,NaN,NaN,NaN,NaN,NaN,NaN
127,0.000662805029,59.11068816,90.85059779,0.8758773889,1428.09766,13298.12256,84.13405138,0.6039792836,0,0,0,0,0,0,1,0,0,0,0,1,0,2197.8,110.8,296.2,193.8,372.6,1135.8,914.4,101.8,2523.2,3453.075554,0.0005787774635,9236.106784,943.932499,3392.119396,0.4767657254,2290,7,68,6,5,4,152936104,5,155208567,3,29700000,0,0,4,152936104,0,0,0,0,9,308144671,3,29700000,5,275661171,0,0,0,0,1,2783500
128,0.0005342500042,77.57078869,89.3142935,1.251655183,1219.72387,7832.829804,88.66376871,0.6873814409,0,0,0,0,0,0,1,0,0,0,0,1,0,1845.2,14.4,299.4,56,217.2,617,774.4,12,2155,2545.50131,0.0007535226243,7253.518327,359.0073032,1734.562666,0.5020252066,133042,8,75,7,6,3,235022000,0,0,2,19940000,1,215082000,2,19940000,0,0,0,0,3,235022000,2,19940000,0,0,0,0,0,0,1,215082000
129,0.0006101737492,61.22231757,89.89143775,0.892913169,2031.738979,17769.23902,88.85512492,0.6881187305,0,0,0,0,0,0,1,0,0,0,0,1,0,1512.2,58.2,206.2,137.2,174.2,532,637.6,55.2,1742.6,1863.213867,9.67E-05,11178.35386,215.6764671,1785.890748,0.4906943629,23312,2,70,6,5,NaN,NaN,NaN,NaN,NaN,NaN,NaN,NaN,NaN,NaN,NaN,NaN,NaN,NaN,NaN,NaN,NaN,NaN,NaN,NaN,NaN,NaN,NaN,NaN,NaN,NaN
130,0.0004791333817,96.23913474,88.9517966,0.4037282447,1522.612145,14233.76315,87.99816105,0.7256183843,0,0,0,0,0,0,1,0,0,0,0,1,0,2233.4,17,285,42.6,97.4,684.4,841.6,15.8,2035.2,3494.367387,0.0002922011629,10228.77466,1471.700313,3212.609009,0.4965250741,50747,4,211,2,16,10,173421210,18,1011644727,9,162224116,20,1021630009,25,1063976127,0,0,0,0,29,1192065125,8,155224928,20,1029841009,0,0,0,0,0,0
131,0.0005525372077,92.25493435,89.13822501,0.2370599704,1687.229912,26534.0073,89.39424113,0.7057379686,0,0,0,0,0,0,0,0,1,0,0,1,0,3000.8,147,372.4,266.8,435.8,889.6,1139.8,95.4,2806,2874.678474,0.0001393672627,4983.113905,326.8951982,1930.599921,0.5105503177,48196,1,211,2,17,3,45746000,2,47560334,2,11746000,1,34000000,2,11746000,0,0,0,0,5,93306334,2,11746000,3,81560334,0,0,0,0,0,0
132,0.0006225383265,68.54024265,90.27916151,0.6342391578,1695.518726,15705.48029,88.89685615,0.6713840289,0,0,0,0,0,0,0,0,1,0,0,1,0,2190.2,71,296.2,181.6,328.6,996.4,827.2,40.8,2086.4,2112.317158,0.0008798067141,6155.222573,381.3338191,2766.638778,0.4734731015,25976,0,211,2,16,1,29602975,1,69306651,0,0,0,0,1,29602975,0,0,0,0,2,98909626,0,0,1,29602975,0,0,0,0,1,69306651
133,0.0006069793499,63.42565979,90.30772092,0.844806281,1590.706524,14556.07761,88.48636465,0.651194473,0,0,0,0,0,0,1,0,0,0,0,1,0,3334.2,208,432.4,249.2,416.2,1199,1252.6,166.8,3128.2,2269.398266,0.0008386967359,3981.388911,193.1068195,2953.635443,0.4523660703,51815,0,213,2,17,15,1348037916,0,0,8,178481611,5,717820305,8,601717798,0,0,0,0,15,1348037916,8,178481611,0,0,0,0,0,0,6,1081560000
134,0.0005930055243,67.38165652,89.69292842,0.8580335838,1838.692982,18685.46839,89.5405911,0.677971096,0,0,0,0,0,0,0,0,1,0,0,1,0,3517.2,131.4,465,280.4,310.2,726.2,1334.4,95.6,3320,1667.360468,0.0006556438177,5015.298238,217.433242,1088.409224,0.5244193507,106571,4,240,2,17,24,1330872129,11,313471558,19,526161632,13,1022927178,9,447773061,0,0,0,0,44,1807006278,18,519498133,11,886039128,1,6020000,0,0,11,373919671
135,0.0005709705682,73.33308463,89.55140438,1.798542898,1970.95523,5874.626028,89.03949679,0.6768787391,0,0,0,0,0,0,1,0,0,0,0,1,0,1426.6,5.4,194.6,28.4,239.8,431.6,542.8,4.6,1313.4,2321.500928,0.0009343363227,3945.794069,344.9606201,1899.260678,0.5128655012,251752,18,222,7,22,2,51401000,3,65880000,2,39999920,1,7755000,5,117281000,0,0,0,0,7,157280920,2,39999920,5,117281000,0,0,0,0,0,0
136,0.0005964363923,68.71547998,89.35656392,1.335920772,1582.971014,7032.262113,89.64204748,0.6565254014,0,0,0,0,0,0,1,0,0,0,0,1,0,2074.6,32.6,287.4,119.2,324.2,651,778.8,20.4,1968.8,3411.450721,0.0003898553278,8120.05775,287.623374,2305.119824,0.5371029597,435899,20,251,2,18,3,46699632,4,90329000,10,196789340,0,0,7,137028632,0,0,0,0,11,207027340,10,196789340,1,10238000,0,0,0,0,0,0
137,0.0005653389663,101.4526945,89.47061635,0.2625638578,1762.198307,22198.08876,86.62045527,0.6945535812,0,1,0,0,0,0,1,0,0,0,0,1,0,4009.4,15.4,308.2,54.8,451.2,1381.8,1178.4,826.4,6180.2,6484.391852,0.0002464646156,10488.44438,1947.565684,4818.160047,0.520463411,104911,1,5,36,1,9,257448080,0,0,4,31281033,5,225741300,7,44835080,0,0,0,0,10,261972080,4,31281033,0,0,0,0,0,0,3,217137000
138,0.0005004113525,105.285249,88.77043207,0.1845052442,2146.010003,31367.24286,88.69471563,0.7452291369,0,1,0,0,0,0,1,0,0,0,0,1,0,2274.6,18.6,77.6,36,141.6,824.6,747,294.8,3456.4,7718.767912,0.0001084561153,4904.963146,1248.295858,3507.498475,0.5053314414,71989,2,7,37,4,3,176061355,2,53639117,5,81195883,1,129062000,2,46999355,0,0,0,0,8,263897000,5,81195883,1,33679124,0,0,0,0,2,149021993
139,0.0006378652412,68.09262966,90.49644652,0.338790643,1886.087459,4878.188379,79.78866249,0.572628632,0,0,1,0,0,0,1,0,0,0,0,1,0,3022.8,62.4,365,179.2,108,628.6,914,576,4661,4426.150403,0.0005384602267,7794.817308,1563.54503,4805.814146,0.5155955564,133283,0,6,34,2,25,904959999,11,828823004,44,781696042,8,853217072,39,1174188568,0,0,0,0,63,2257797711,43,730828876,12,1081694682,0,0,0,0,5,327389260
140,0.0005788780869,80.3290759,89.91374682,0.4891156661,1954.474251,13845.20615,86.06917867,0.6535478902,0,0,0,0,0,0,1,0,0,0,0,1,0,1855.4,6,76.6,22.8,85.4,571.8,611.4,306.4,2842.2,4836.307246,0.0005760187682,7316.103239,916.8993064,3601.351468,0.5326790425,3234,2,2,34,1,NaN,NaN,NaN,NaN,NaN,NaN,NaN,NaN,NaN,NaN,NaN,NaN,NaN,NaN,NaN,NaN,NaN,NaN,NaN,NaN,NaN,NaN,NaN,NaN,NaN,NaN
141,0.0006186237643,88.00441393,89.67048114,0.6134475896,1994.748955,12964.96013,87.0872991,0.6753722334,0,0,0,0,0,0,1,0,0,0,0,1,0,1072.4,1,51,10.6,76,335.2,341.8,228.6,1624.4,3791.113016,0.0006687185807,5328.411451,342.3580638,4163.743433,0.5376977527,90148,265,165,83,27,5,367263868,0,0,10,507064619,0,0,5,167565708,0,0,0,0,10,507064619,10,507064619,0,0,0,0,0,0,0,0
142,0.0006210355571,95.9289313,89.56926784,0.7767163106,1928.946662,15648.59441,87.6182272,0.6774621234,0,0,0,0,0,0,1,0,0,0,0,1,0,1929,17,252.4,145,198.6,459.8,584.8,404.2,2911.4,4748.71476,0.0007899140165,9828.627494,438.8203568,4617.997747,0.5246509336,134436,3,164,83,30,5,41267455,0,0,5,64495491,3,35551939,4,46767895,1,21052384,0,0,8,100047430,5,64495491,2,14499555,0,0,0,0,0,0
143,0.000579468766,110.1365463,89.3317378,0.5233637165,2534.71735,25230.24595,88.05955004,0.7312446109,0,1,0,0,0,0,1,0,0,0,0,1,0,1238.8,0.2,138.2,45.8,201.4,437.8,366.6,267.2,1878.4,3110.016355,0.001245759527,7246.527795,445.13623,4993.358219,0.5062421111,43094,4,168,85,40,11,160204450,0,0,9,74419174,1,17137000,11,152604135,0,0,0,0,12,169741135,9,74419174,2,78184961,0,0,0,0,1,17137000
144,0.0005486063524,113.442049,89.39223669,0.1661710259,2025.407439,12256.38019,86.60444077,0.7147560913,0,1,0,0,0,0,1,0,0,0,0,1,0,806.2,1.8,11,5.2,45.8,435,192.8,66.6,1198.4,4174.479514,0.0007052514896,6276.073521,815.3416375,3615.067712,0.5052218473,19216,2,161,83,29,2,39999928,2,198491584,2,39999928,0,0,1,24999931,0,0,0,0,4,238491512,2,39999928,2,198491584,0,0,0,0,0,0
145,0.000649226187,92.20032979,90.02707006,0.8953864618,2080.951332,11187.74168,87.85136311,0.6941409009,1,0,0,0,0,0,1,0,0,0,0,1,0,1945.8,18.8,91.2,43.4,48.6,719.2,639.6,416,2931.4,3186.165123,0.0008591742472,13710.01731,428.2790683,6496.11821,0.5118695104,247748,5,161,83,29,10,452237910,0,0,6,75323432,4,325747231,6,126490679,0,0,0,0,11,482898595,5,68202543,4,102542052,0,0,0,0,2,312154000
146,0.0006294235052,94.15686437,90.22121882,0.3438283787,2008.698695,13378.32127,87.8375301,0.6911697037,1,0,0,0,0,0,1,0,0,0,0,1,0,863.6,0.6,13.4,1.8,20.6,335,256.8,104.8,1301.2,3930.020752,0.0008471317981,22996.56622,465.4279392,2905.712909,0.4993671714,15325,0,160,83,28,9,746622429,4,169703483,9,167100420,5,687306234,6,92650926,0,0,0,0,17,1005747902,9,167100420,3,145899751,0,0,0,0,4,674385496
147,0.0006292667665,90.59004434,90.04152784,0.8858445567,1915.080949,6134.155749,89.72795603,0.7354164732,1,0,0,0,0,0,1,0,0,0,0,1,0,791,1.2,48.8,6.6,47.8,364,244.8,138,1170.6,3515.823794,0.000950470931,22155.52375,380.6159044,2922.6885,0.4767606807,19672,1,165,83,27,8,221343343,4,324511851,17,206701518,2,37999890,9,203836915,0,0,0,0,24,663557768,17,206701518,5,418856360,0,0,0,0,2,37999890
148,0.0006517976592,97.89354852,90.43555556,0.5327777778,1971.609033,17488.04511,89.98075014,0.7218950524,1,0,0,0,0,0,1,0,0,0,0,1,0,25.4,0,0,0,42.8,9.2,10,0,53.8,4498.051025,0.0004937379925,11661.47474,307.6393129,4057.7251,0.5126726482,0,0,163,10,23,1,2534000,0,0,1,2534000,0,0,1,2534000,0,0,0,0,1,2534000,1,2534000,0,0,0,0,0,0,0,0
149,0.0002927297562,329.8563281,87.26335124,0.06103448627,1937.533115,7590.192987,89.78529832,0.8298882388,0,1,0,1,0,0,0,0,0,0,0,1,0,50,0,0,0,2.8,4.6,4.4,0,101.8,8295.956162,9.94E-05,15125.88781,3170.258605,13941.5139,0.4250636008,0,0,140,10,23,NaN,NaN,NaN,NaN,NaN,NaN,NaN,NaN,NaN,NaN,NaN,NaN,NaN,NaN,NaN,NaN,NaN,NaN,NaN,NaN,NaN,NaN,NaN,NaN,NaN,NaN
150,0.0005785689083,105.00798,89.87571482,0.5042950799,1943.477771,21843.21354,88.85073958,0.694299141,0,1,0,0,0,0,1,0,0,0,0,1,0,1123.8,12.4,39.8,32.8,60.6,411.8,439.2,17.2,2392.8,3857.490917,0.0007761556598,5429.992716,361.3273816,2397.261582,0.5349362313,45496,6,160,14,25,33,324379332,3,308802594,25,162142625,9,72947846,27,299920098,0,0,0,0,40,692854956,25,162142625,8,467937723,0,0,0,0,0,0
151,0.0005972939323,108.9295292,90.04136584,0.4560823082,2027.182086,16804.90871,87.25479096,0.6761040966,0,1,0,0,0,0,1,0,0,0,0,1,0,2014.8,11.2,46.4,31.8,51,961,781.6,13,4287.6,4102.756149,0.001013761374,5755.680071,463.2536179,4194.298164,0.5330748778,26398,4,148,10,26,9,371059127,0,0,5,32276311,3,331921817,6,39137310,0,0,0,0,9,371059127,5,32276311,3,146290816,0,0,0,0,1,192492000
152,0.0006089365295,119.2232792,90.52880176,0.4118736086,2205.816747,10318.7652,82.06359287,0.6364887143,0,1,0,0,0,0,1,0,0,0,0,1,0,1341.2,6.6,21,17.8,24.6,120.2,411.4,6.8,2775.2,6872.983601,7.20E-05,7922.038187,1821.573,7405.060622,0.5215193257,318393,4,154,11,24,15,1429466197,9,150368191,16,149350550,3,802678000,13,188538233,0,0,0,0,25,1585754249,16,149350550,4,557049849,0,0,0,0,5,879353850
153,0.0005925715466,100.9737391,89.77299271,0.5477947031,1945.516955,6588.245735,88.05286723,0.6953620421,0,1,0,0,0,0,1,0,0,0,0,1,0,815,7.8,31.6,22.6,81.4,210.8,302.4,9.2,1706.6,3775.650214,0.0006248448736,6119.14339,346.9174365,4204.754888,0.5323898587,90034,3,163,10,27,20,190278280,7,43601779,17,97118630,4,113026634,16,93676319,0,0,0,0,27,233880059,16,77251646,3,109026634,0,0,0,0,7,43601779
154,0.0006342231455,136.2437157,90.0864665,0.04623930638,2267.776251,9687.709026,85.76428906,0.6823208729,0,1,0,0,0,0,1,0,0,0,0,1,0,852.8,0,1.8,1.4,2.6,15,173,0,852.4,5994.627727,4.85E-05,19083.54274,1866.935338,6826.967853,0.5266749953,24260,0,2,2,2,3,107154000,0,0,0,0,3,107154000,0,0,0,0,0,0,3,107154000,0,0,3,107154000,0,0,0,0,0,0
155,0.0006094011875,133.0311662,89.30629606,0.09595981603,1971.179279,20076.14947,87.40028031,0.749196618,0,0,0,0,0,0,1,0,0,0,0,1,0,3604.4,25.8,213,152.4,150.2,1679.6,1282.2,14.4,4577.4,3055.28191,0.0001065933895,6018.119808,478.6324434,4539.137506,0.4921442414,76334,1,2,2,2,7,414321851,0,0,4,11151635,5,378942000,3,17066135,0,0,0,0,9,425473486,4,11151635,3,65744351,0,0,0,0,2,348577500
156,0.0005683541278,129.5147922,89.27028002,0.1174529178,1949.470087,30810.52504,87.64583215,0.7532542021,0,0,0,0,0,0,1,0,0,0,0,1,0,3228.6,48.8,198.8,159.8,172,1215.4,1208.6,21.6,4078,4054.64436,5.97E-05,7613.321618,1688.334676,5557.275125,0.4798237309,55337,2,2,2,2,23,400540885,0,0,1,51454218,1,24999985,22,350774185,0,0,0,0,24,451995103,0,0,0,0,22,375540900,0,0,0,0
157,0.0004853542127,174.9668425,87.91622124,0.01305829839,1887.577155,48170.8208,89.44606241,0.7990195207,0,0,0,0,0,0,0,1,0,0,0,1,0,2740.4,31.4,113.8,90.4,139.6,824.2,996.6,19,3326,4502.643422,0.0001274089916,9679.39428,1114.043036,3544.1812,0.4577032289,12495,0,3,2,2,3,170970698,1,19999578,0,0,3,170970698,0,0,0,0,0,0,4,190970276,0,0,1,19999578,0,0,0,0,2,164106000
158,0.000634725535,101.7814643,91.37253628,0.4594753493,1946.633325,6948.727969,75.67346129,0.5977447089,0,0,1,0,0,0,1,0,0,0,0,1,0,1453,6.4,25.4,17.8,48.8,544.4,415,0.2,2154.2,4783.871541,0.0007973426451,8139.116694,1879.197408,4855.020698,0.5160148819,79908,1,132,6,18,21,760272556,6,309095660,17,203565808,3,414698713,13,272619961,0,0,0,0,28,1074991577,17,203565808,5,562330109,0,0,0,0,5,54864632
159,0.0006649361116,108.7418016,91.5779358,0.1648639529,1970.266982,8884.317913,76.80175775,0.6191284492,0,0,0,0,0,0,1,0,0,0,0,1,0,1901.8,34.4,126.2,96.6,46.6,872.6,533,5,2867.6,3244.281387,0.0006680304176,6019.081086,1699.427082,4726.152227,0.5194598961,22676,3,159,6,18,10,1061589210,1,117653126,17,1102353662,6,503236309,3,534347155,0,0,0,0,27,2580740158,15,1037186442,3,140440126,0,0,0,0,4,476048000
160,0.0006513651275,113.8136899,90.93123784,0.1579510725,2036.802476,9183.645447,75.15150838,0.5899084311,0,0,0,0,0,0,1,0,0,0,0,1,0,1338,5,21,15.8,29.6,720.4,361.8,0,1956.4,5999.182065,8.96E-05,10396.55765,3633.742612,9113.879198,0.5215134693,53127,2,133,6,17,11,392554289,3,76822478,23,1338934380,2,150100811,4,328235761,0,0,0,0,30,1656668670,23,1338934380,4,85278625,0,0,0,0,1,1510972
161,0.0006139283388,118.9521189,89.74718559,0.2308497775,1966.134744,35187.62684,87.92004783,0.7233659489,0,0,0,0,0,0,1,0,0,0,0,1,0,1905.8,26.4,125.4,94,171.8,626.6,556.2,3.4,2878.8,1931.365104,0.001076081857,8745.669515,299.2359227,2689.340418,0.5205258944,7411,2,132,6,18,8,98169525,2,48856297,12,557301700,2,18779853,4,38590903,0,0,0,0,15,624937850,11,557301700,0,0,0,0,0,0,2,48856297
162,0.0006174896527,103.696321,89.86236399,0.5802803,1873.988455,21150.83878,87.94216574,0.7149736682,0,1,0,0,0,0,1,0,0,0,0,1,0,1378.8,5,16.6,12.4,189.4,520,428.2,0,2098.8,2611.507477,0.0008431667629,6684.270052,241.7759792,2417.605893,0.5283975043,13525,1,143,6,17,13,542686884,0,0,2,5268000,3,164107000,10,378579884,0,0,0,0,13,542686884,2,5268000,1,0,0,0,0,0,2,164107000
163,0.0006381209804,111.5889528,89.83274797,0.2204791574,1909.664297,41813.81066,87.34528058,0.7282216343,0,0,0,0,0,0,1,0,0,0,0,1,0,1486,2,22.8,12,87.6,694.8,444.6,0,2234.8,2222.83789,0.0003225962708,11842.79456,203.7722707,2049.286116,0.5251231972,1844,0,154,6,17,4,153247526,0,0,5,92203926,1,64777000,2,45999778,0,0,0,0,6,156980926,3,88470526,0,0,0,0,0,0,1,64777000
164,0.0005557722651,144.5989326,88.55992695,0.2066214397,1975.401002,51310.24783,88.67021023,0.7523203268,0,1,0,0,0,0,0,1,0,0,0,1,0,1939.2,18.4,102.8,70.8,93.8,707.2,547.2,1.2,2901.8,2717.740257,0.0007652392159,7376.127348,903.0830232,1953.25811,0.4899917817,564,0,133,6,17,8,279530207,1,19924725,12,103056382,4,182033935,5,120143917,0,0,0,0,19,370735386,11,90056527,2,99459398,0,0,0,0,2,153667725
165,0.0006714168854,95.82588564,89.91973865,1.320096554,1863.321787,9384.884282,88.07444469,0.698364962,0,0,0,0,0,0,1,0,0,0,0,1,0,1493.6,3.6,19.8,31.4,78.2,676.2,368.2,5.8,4240.2,3931.149049,0.0009230414124,9180.717532,722.8472342,1987.017448,0.532001579,6463,2,76,3,52,14,269660744,0,0,10,167997232,4,101663512,7,154329783,0,0,0,0,14,269660744,10,167997232,4,101663512,0,0,0,0,0,0
166,0.0006148324099,93.20445728,89.6519003,1.326334595,1867.618246,4939.397668,88.35974709,0.6778112538,0,0,0,0,0,0,1,0,0,0,0,1,0,1444.2,16.2,56.4,76.4,36.8,120.6,335.6,21.4,4068.2,2709.2796,0.001612406764,9055.192049,319.3506845,2822.814347,0.5319339951,6292,2,76,3,48,20,366397566,3,151807248,20,381862748,2,135900000,14,334305455,0,0,0,0,23,518204814,20,381862748,2,135900000,0,0,0,0,1,442066
167,0.0005799487287,105.5641999,89.44607718,0.5587896976,1806.409736,13007.29962,89.17010514,0.7089908043,0,0,0,0,1,0,0,0,0,0,0,1,0,1179.2,0.4,13.6,20.4,12.8,314.4,338.2,2,3337.4,2612.592016,0.0003164627033,4598.816843,614.5281686,1076.717211,0.5285677062,1257,0,75,3,48,0,0,4,207445632,4,57967164,0,0,4,57967164,0,0,0,0,8,265412796,4,57967164,2,198337432,0,0,0,0,2,9108200
168,0.0005593379393,106.2813494,89.58297866,0.2740257306,1826.437627,7943.234848,89.18103362,0.7239864077,0,1,0,0,1,0,0,0,0,0,0,1,0,1888.6,24.6,97.2,126.4,141.4,583.6,480.4,33.4,5394.4,2355.596402,6.46E-05,4533.033336,424.3838436,2080.857578,0.5205586984,20499,2,79,3,48,34,602984128,3,40559628,15,170653683,17,308802607,7,218328579,0,0,0,0,38,657543520,15,170653683,2,103462746,0,0,0,0,8,286930230
169,0.000659649804,100.2130384,89.73902108,0.4470303698,1731.393898,18045.76299,89.19989527,0.7159411898,0,0,0,0,1,0,0,0,0,0,0,1,0,1164,4.6,8.6,19.4,5.8,144.2,259,40.6,1626,2209.813788,0.000481227877,8156.603773,317.5379835,3243.646757,0.5146499374,45948,1,73,2,44,2,64652129,0,0,3,60999716,1,47652395,2,43999982,0,0,0,0,4,108652111,3,60999716,1,47652395,0,0,0,0,0,0
170,0.000575230353,102.2787234,89.64745378,0.8399020801,1588.562099,24611.60115,89.25691721,0.6963086956,0,0,0,0,1,0,0,0,0,0,0,1,0,2076.2,14.2,127.6,283,182.6,715.2,479.2,361.2,2938.8,2167.178137,4.32E-05,7027.688849,253.3936495,2571.770266,0.5391385036,2455,0,73,2,30,4,67875034,0,0,2,39799034,2,28076000,3,55075979,0,0,0,0,4,67875034,2,39799034,2,28076000,0,0,0,0,0,0
171,0.0004692944815,151.9747629,88.79173476,0.05517168988,1649.924015,35034.85129,89.22959159,0.7873355878,0,0,0,0,1,0,0,0,0,0,0,1,0,1234.2,15.4,56.6,93.4,194.6,407.6,242.4,122.4,1675.6,4230.715208,5.12E-05,7197.980401,754.7066395,3251.643851,0.4676836557,0,0,74,2,28,4,107816108,5,1342191,3,38918108,1,68898000,1,9920000,0,0,0,0,9,109158299,2,28998108,1,9920000,0,0,0,0,6,70240191
172,0.0005632259856,82.24121942,89.82960268,0.5843599773,1572.288514,7905.125321,84.40146988,0.6717508721,0,0,0,0,0,0,1,0,0,0,0,1,0,1630.4,0.8,8.8,5,137.8,400.2,549.6,2.4,2207.6,6061.473116,0.0004986949809,19607.83488,2907.248213,5933.574409,0.4970172718,312243,15,83,6,4,5,235167268,0,0,3,12989400,2,24612868,5,224976400,0,0,0,0,6,235167268,0,0,4,37602268,0,0,0,0,1,197565000
173,0.0006369071733,82.91653176,91.07631233,0.4142364829,1602.288252,3702.314478,83.11696812,0.5845496898,0,0,0,0,0,0,1,0,0,0,0,1,0,901,0,4.4,1.2,237.2,419,297.6,0.4,1225.8,6040.838907,0.0003976443992,11903.21351,1789.666838,8543.113196,0.5269582224,93489,1,82,6,2,NaN,NaN,NaN,NaN,NaN,NaN,NaN,NaN,NaN,NaN,NaN,NaN,NaN,NaN,NaN,NaN,NaN,NaN,NaN,NaN,NaN,NaN,NaN,NaN,NaN,NaN
174,0.0006164678718,89.04456667,89.62194679,0.2691016625,1603.625978,12403.89417,89.37799237,0.7017446234,0,0,0,0,0,0,1,0,0,0,0,1,0,1191,7.6,29.4,27.8,14.6,594.8,361.6,9.6,1666.8,2055.64111,0.000328530517,5588.656669,242.5127493,2756.196554,0.5268421409,30259,0,82,6,2,1,49864000,0,0,0,0,1,49864000,0,0,0,0,0,0,1,49864000,0,0,0,0,0,0,0,0,1,49864000
175,0.0005709273428,105.8683455,89.52923557,0.6267371103,1496.461187,9757.225811,88.77157626,0.6995669391,0,0,0,0,1,0,0,0,0,0,0,1,0,3131.8,20.6,201.2,152.4,17.8,981,896,29.6,4316.8,2904.513947,3.10E-05,7146.067286,243.0959197,3158.30156,0.5251557507,7414,0,88,6,13,14,452763519,2,205445061,8,70831347,11,307248773,9,272556413,0,0,0,0,18,661116280,7,67923647,3,62295187,0,0,0,0,4,314017320
176,0.0005750391793,104.070253,89.12403955,0.08938451161,1493.438409,6734.407205,89.40786595,0.7463821933,0,0,0,0,0,0,1,0,0,0,0,1,0,1092.4,8.8,24.2,23.4,359.2,347.2,340.2,10,1538.8,3289.372436,7.97E-05,7622.165535,401.52787,2548.896987,0.4999172815,16102,0,82,6,2,1,7689298,0,0,1,7689298,0,0,1,7689298,0,0,0,0,1,7689298,0,0,1,7689298,0,0,0,0,0,0
177,0.0005462507194,133.6661007,89.36436974,0.356085468,1323.833637,10690.80264,88.23336059,0.6901197763,0,0,0,0,1,0,0,0,0,0,0,1,0,1996.8,0.8,18.8,8,6.6,926.4,668.8,4.2,2752.2,8447.777227,1.64E-05,8080.076365,384.8606647,4301.731237,0.5379964529,0,1,82,6,2,4,144960000,3,60525994,1,10992240,3,134437000,1,10523000,0,0,0,0,8,216478234,1,10992240,2,61175748,0,0,0,0,3,134437000
178,0.0004394568027,245.7217242,87.62973529,0.01293978654,1139.497644,35220.54543,89.85279663,0.791918491,0,1,0,0,1,0,0,0,0,0,0,1,0,2156.2,16.4,97.4,37.2,119.4,525.4,458.2,334,5024.6,9033.230566,1.73E-05,11068.40502,1817.052427,6456.847764,0.4642813577,3195,1,77,2,0,0,0,3,79173746,0,0,1,59214778,0,0,0,0,0,0,3,79173746,0,0,0,0,0,0,0,0,2,19958968
179,0.0003854671253,388.3657572,87.43088335,0.01171535742,1304.99721,21660.95005,89.75439156,0.8454397575,0,1,0,0,0,0,1,0,0,0,0,1,0,680.6,0.2,1.8,0,212.8,117,129.2,80,1635.6,11710.03099,4.07E-05,22720.37195,2936.264274,9736.342757,0.4288722804,0,1,77,2,0,0,0,7,195167156,8,91492501,0,0,0,0,0,0,0,0,15,286659657,8,91492501,4,154311291,0,0,0,0,3,40855865
180,0.0003718738417,404.7351287,87.60492217,0,1203.46733,16292.56498,88.83098684,0.827536629,1,0,0,0,0,0,0,1,0,0,0,1,0,621,0,16.4,8,11.2,304.6,62.2,250.8,396.4,8219.639879,2.74E-05,26036.52581,1367.156017,3768.904651,0.4497800967,0,0,26,9,0,NaN,NaN,NaN,NaN,NaN,NaN,NaN,NaN,NaN,NaN,NaN,NaN,NaN,NaN,NaN,NaN,NaN,NaN,NaN,NaN,NaN,NaN,NaN,NaN,NaN,NaN
181,0.0002464279077,825.3203843,86.60629614,0,1573.207559,31058.77641,89.96050366,0.8577507491,0,0,0,0,1,0,0,0,0,0,0,1,0,397.8,4.6,16.8,10.6,11.4,68.6,54.8,165.4,261.2,8969.14998,2.95E-05,9204.94129,2685.596676,7943.864813,0.4010839295,4804,2,58,12,0,NaN,NaN,NaN,NaN,NaN,NaN,NaN,NaN,NaN,NaN,NaN,NaN,NaN,NaN,NaN,NaN,NaN,NaN,NaN,NaN,NaN,NaN,NaN,NaN,NaN,NaN
182,0.0002476921094,810.5821511,87.43824757,0,1244.157093,9217.855803,89.96609031,0.8566534635,0,0,0,0,1,0,0,0,0,0,0,1,0,202.6,3,10.2,7,15,40,25.4,78.6,133.2,15693.97847,2.02E-05,14889.31402,1228.870405,11985.89833,0.4033366168,0,0,26,9,0,0,0,0,0,1,11881457,0,0,0,0,0,0,0,0,1,11881457,1,11881457,0,0,0,0,0,0,0,0
183,0.0003834965616,414.3560833,87.54290835,0,1262.612304,26418.22147,89.96638752,0.8345479758,1,0,0,0,1,0,0,0,0,0,0,1,0,290.2,2.8,15,6.4,4.4,65,29.6,110.8,176.6,8079.116025,1.79E-05,10582.00371,1248.342257,4901.617173,0.4428980927,0,0,26,9,0,NaN,NaN,NaN,NaN,NaN,NaN,NaN,NaN,NaN,NaN,NaN,NaN,NaN,NaN,NaN,NaN,NaN,NaN,NaN,NaN,NaN,NaN,NaN,NaN,NaN,NaN
184,0.0003561328111,255.3450909,87.41025368,1.104362556,1900.33182,13499.45619,88.92292332,0.7794276589,0,0,0,1,0,0,0,0,0,0,0,1,0,2379.8,59.4,269.2,182.4,342.6,687.2,1082.8,1229.2,1690.2,7490.928929,0.0002024678376,8592.06159,2886.404296,5008.666131,0.4329559344,230435,8,60,11,5,13,252512032,0,0,5,28478951,3,129212115,10,123299917,0,0,0,0,13,252512032,5,28478951,3,84321000,0,0,0,0,1,63964000
185,0.0005114383437,68.25612504,88.45467604,0.5975982154,1928.83029,10878.72197,88.326163,0.7289986768,0,0,0,1,0,0,0,0,0,0,0,1,0,5804.6,217.2,628.2,397.2,332.8,1445.2,2657.8,3073.4,4222,3432.188334,0.0008489143617,8085.944024,603.5141784,2152.961631,0.4815333538,726023,26,65,11,16,25,1332288684,3,97418568,10,206472493,4,96252000,13,1096811031,0,0,0,0,28,1429707252,10,206472493,12,1157229759,1,4520000,0,0,2,57485000
186,0.000377231438,287.2625827,87.3023717,0.1014382809,1888.962224,16125.37024,89.91119785,0.8171609405,0,0,0,1,0,0,0,0,0,0,0,1,0,1420,30.6,136,81,579,341.8,611,714.4,984.6,4446.662751,0.0002277420277,9397.789169,1872.426359,4648.64874,0.442368032,57723,6,55,11,8,35,818563361,7,152219139,19,1902038481,19,2388746572,22,344324946,0,0,0,0,48,2800894007,15,111530224,14,2223961678,4,27263022,0,0,4,197170411
187,0.0004558609035,116.8092303,87.20411659,0.1976102283,2019.977137,13111.33637,89.555016,0.8016596142,0,0,0,1,0,0,0,0,0,0,0,1,0,2755.8,42.4,235.2,116.8,42.2,945,1249,1428,1894.6,6834.104623,0.0005993377116,25923.34434,2753.538207,6154.155249,0.4443502267,293413,8,26,11,25,14,310516524,10,192127692,11,237517724,3,72998800,13,208458827,0,0,0,0,24,502644216,11,237517724,11,194177767,0,0,0,0,1,60999000
188,0.0005029212465,64.27256296,87.89251466,0.308522224,1750.987296,5971.839736,89.38146765,0.7775885665,1,0,0,1,0,0,0,0,0,0,0,1,0,3704.8,117.6,356.6,232,432,1008,1675.4,1906.8,2625,4890.272492,0.000405882245,7988.175567,797.7466735,3697.876332,0.4642553349,171429,7,65,12,11,14,294944737,9,290337328,12,151466381,3,135069000,15,205560603,0,0,0,0,24,597216561,12,151466381,9,300421688,0,0,0,0,2,132378545
189,0.0006429737121,23.37150115,89.46846042,1.39636035,2364.131789,19725.06153,88.05452144,0.6959847207,0,0,0,0,0,0,1,0,0,0,0,1,0,2693.8,153.6,356.8,195.8,417.2,849,1162.2,1012.4,1911,2754.038971,0.0007178995599,2835.318585,237.3638797,848.6656829,0.5014317534,176471,1,47,3,23,9,117741107,1,14957173,5,114947951,4,54418204,5,78787835,0,0,0,0,13,238242632,4,64810078,5,99871726,0,0,0,0,1,9952957
190,0.0005404263016,28.09353112,89.1298453,1.217994555,2491.397905,7565.264863,89.45809358,0.7093966286,0,0,0,0,0,0,1,0,0,0,0,1,0,1317.2,68.6,173.8,92.2,261.4,285.6,569,496,933.8,3156.123712,0.000821539756,3398.688928,238.1580131,1755.737251,0.4820104478,51606,2,38,4,20,11,422551743,1,29991133,7,346828784,2,182459000,10,415051743,0,0,0,0,12,452542876,6,171869784,4,232248111,0,0,0,0,1,44425000
191,0.0005724264325,30.40164095,88.91319645,1.249001605,2402.441777,22694.28774,89.20024286,0.7005587479,0,0,0,0,0,0,1,0,0,0,0,1,0,1924.2,72.2,258.8,122.6,117.4,250,816.4,720.4,1360.2,3284.347122,0.0004990439013,4547.043088,212.8195663,2402.783384,0.4978556366,144113,6,52,3,18,4,51454627,1,9565936,4,51454627,0,0,4,51454627,0,0,0,0,5,61020563,4,51454627,0,0,0,0,0,0,1,9565936
192,0.0004689426109,57.98452933,88.1084344,0.1638042736,2092.025139,56009.47344,89.74592979,0.7702772592,0,0,0,1,0,0,0,0,0,0,0,1,0,2278.6,10.6,219,34.6,232.4,425.4,979,858.8,1527.6,3539.634054,0.0003770141846,8532.148612,589.8327713,2472.529872,0.4694677668,155407,6,61,3,24,43,841742865,34,1543152741,28,464231315,7,323111706,61,1939129964,0,0,0,0,77,2384895606,26,452731496,32,1685971544,0,0,0,0,7,145132110
193,0.0004409641925,58.13548692,88.56863776,0.6035769039,2180.130617,47626.97654,88.78282281,0.7445704169,0,0,0,1,0,0,0,0,0,0,0,1,0,2667.6,41.2,328,106,320.6,682.8,1108.2,975.8,1830.2,3710.234471,0.00049512994,6760.036823,471.3105383,2228.660999,0.4720885315,51140,1,79,3,31,9,178745449,16,798495694,6,127994793,4,167983647,14,623001082,0,0,0,0,26,1004896300,6,127994793,12,700070180,0,0,0,0,3,131699457
194,0.0005292573183,28.54834873,89.06744855,1.595604791,2336.158421,12026.58748,88.63180598,0.6745296658,0,0,0,0,0,0,1,0,0,0,0,1,0,987.2,14.4,137.6,71.8,233.2,341,439.2,561.8,854.6,2203.922448,0.0001841614833,2559.523398,253.0445788,1819.207721,0.5080440636,326369,2,123,1,16,11,450353850,1,60812443,6,88447221,4,341907000,1,19999629,0,0,0,0,12,511166293,6,88447221,1,60812443,0,0,0,0,1,44955000
195,0.0005215122568,32.26389337,88.6980434,0.7051404921,2369.792305,24212.10352,89.23590306,0.7056392488,0,0,0,1,0,0,0,0,0,0,0,1,0,1385.8,45.2,175.8,116.4,153.2,343,624,781.4,1196.8,2978.725279,0.0001216263692,4662.57553,248.5567624,1436.002199,0.5056098381,106206,2,107,0,5,14,551338766,5,112268857,13,176918167,4,201492554,15,485925263,0,0,0,0,24,815981535,13,176918167,7,558293693,0,0,0,0,3,74269962
196,0.0005214035824,44.56180724,88.38720425,0.3081028248,2109.802854,35351.73342,89.64688329,0.7385255832,0,0,0,0,0,0,1,0,0,0,0,1,0,1912.4,69.6,239,145.2,159.2,551.8,854.2,1086.2,1643.6,2971.508545,0.0005631382813,5232.523424,420.3097893,2218.418138,0.4885520767,74470,1,109,0,5,4,91805170,0,0,3,42726679,1,50988000,4,62544479,0,0,0,0,5,113532479,3,42726679,0,0,0,0,0,0,1,50988000
197,0.0004370088806,100.9100965,87.93847763,0.0239196262,2081.533867,50259.03129,89.79882558,0.8027321179,1,0,0,1,0,0,0,0,0,0,0,1,0,1620,2.6,128.6,33,209.4,576,680.6,902.4,1276.2,6102.970626,0.0003905924272,6347.987434,1291.021746,3479.508318,0.4527090269,1338,3,144,0,7,6,168497636,2,54225140,1,5400000,4,145312636,3,27590229,0,0,0,0,8,222722776,1,5400000,2,51878636,0,0,0,0,2,82667321
198,0.0005260034492,78.4077786,88.79637981,0.1647950757,2875.260465,21204.95788,89.60729936,0.7475561011,0,1,0,0,0,0,1,0,0,0,0,1,0,1166.6,13.4,158.4,102.4,0,1.6,388.8,75.4,1412.6,2212.285962,0.000139086633,2350.92511,410.6793688,2135.378967,0.50733962,28725,0,218,54,34,4,117932000,0,0,2,12383000,1,56500000,3,61432000,0,0,0,0,4,117932000,2,12383000,1,49049000,0,0,0,0,1,56500000
199,0.0005637637681,57.38046794,89.20416796,0.2603738107,2596.187304,6779.392749,77.86130322,0.6050893488,0,1,0,0,0,0,1,0,0,0,0,1,0,998.6,6.2,141.2,40.4,60.4,241.6,310.6,45.6,1219.6,2739.086158,8.69E-05,3779.899182,1128.427014,3670.565115,0.4943640637,191261,1,189,54,34,5,40867422,0,0,3,21575432,0,0,5,40867422,0,0,0,0,5,40867422,3,21575432,2,19291990,0,0,0,0,0,0
200,0.0006099757621,47.28210772,89.7058783,0.5962434608,2651.284906,6077.431705,88.49506064,0.693820006,0,1,0,0,0,0,1,0,0,0,0,1,0,2434,33.8,324.8,281.2,173,923,791.6,140.6,2932.6,2280.72029,0.0002444761008,7288.202939,307.9528096,2641.386736,0.5078722653,166318,1,244,61,43,9,154164337,1,4499845,7,55912845,5,95254600,6,63409582,0,0,0,0,11,158664182,6,51413000,2,13750737,0,0,0,0,2,89000600
201,0.0005486585368,51.12030584,89.56295553,0.1959482007,2889.982702,24340.91566,88.7337592,0.6749442177,0,1,0,0,0,0,1,0,0,0,0,1,0,458,6.4,51.2,39.8,0,1.4,148,27,552,2124.006015,7.25E-05,4649.938855,208.1293462,5064.756215,0.5502638007,0,0,172,54,33,0,0,0,0,1,9999585,0,0,1,9999585,0,0,0,0,1,9999585,1,9999585,0,0,0,0,0,0,0,0
202,0.0006527797474,48.59761595,89.84331008,0.4273202579,2678.796216,6095.741474,88.42181822,0.672647532,0,0,0,0,0,0,1,0,0,0,0,1,0,1063.8,4.2,159.6,128.2,36.4,341.2,352.4,58.8,1287.8,2012.518394,0.000109406138,5133.505629,302.3163756,2389.513785,0.5270015203,103609,3,218,61,33,6,47072000,2,16827608,6,47072000,2,7334000,8,63899608,0,0,0,0,8,63899608,6,47072000,2,16827608,0,0,0,0,0,0
203,0.000606300276,54.6415479,89.69649436,0.04705882353,2940.146875,31437.69358,86.47924435,0.6743063507,0,1,0,0,0,0,1,0,0,0,0,1,0,65,2.2,7.6,5.6,8,14.4,17.8,6.8,61.8,1634.130292,9.44E-05,1384.250783,165.780087,1243.988866,0.5449998246,0,0,79,34,6,NaN,NaN,NaN,NaN,NaN,NaN,NaN,NaN,NaN,NaN,NaN,NaN,NaN,NaN,NaN,NaN,NaN,NaN,NaN,NaN,NaN,NaN,NaN,NaN,NaN,NaN
204,0.0005349385033,54.93668011,89.71435206,0.128251287,2588.997261,1433.960808,89.54725327,0.7427352381,0,0,0,1,0,0,0,0,0,0,0,1,0,170.6,0.2,16.4,10.6,10.2,70.6,54.6,12.4,158.4,2547.558263,7.36E-05,14091.75616,248.0821656,5359.716957,0.5164462436,0,0,79,34,6,0,0,0,0,2,18287779,0,0,1,11787838,0,0,0,0,2,18287779,0,0,0,0,0,0,0,0,0,0
205,0.0004101799389,147.5216371,88.54506776,0.03311507666,3425.737241,45656.19452,89.06461171,0.731578096,0,1,0,0,0,0,0,0,1,0,0,1,0,901.2,0.2,1.2,0.6,0,96.6,203.4,40,795.2,6180.454075,7.41E-05,28577.42849,1430.538983,4379.525786,0.5070001337,2988,0,85,35,8,24,408785736,13,100234537,6,92499350,23,406142236,2,32999761,0,0,0,0,43,601519623,1,19999984,15,57345270,0,0,0,0,1,9900535
206,0.0006378735547,68.76166058,89.66751717,0.1850803664,2938.595121,34931.74736,88.84026027,0.7059770513,0,1,0,0,0,0,1,0,0,0,0,1,0,933.6,13.8,59.6,52.6,11.8,272.2,323,84.6,868.2,2251.576773,0.0001325169446,6218.656842,271.7656994,2919.599806,0.5360274875,2808,0,96,34,6,7,46469954,2,15356672,0,0,7,46469954,0,0,0,0,0,0,9,61826626,0,0,1,7581500,0,0,0,0,1,9844774
207,0.0004417328954,105.6961904,88.40993208,0.1008387932,3052.571433,15077.94879,89.1672177,0.7629760073,0,0,0,0,0,0,0,0,1,0,0,1,0,2580.4,13.8,264.6,187.8,43,776.2,790.8,234.8,2443.6,7106.028397,0.0001587405623,17431.34353,3720.453039,7364.903573,0.4850513831,12573,2,96,34,6,20,185292556,12,172922536,14,164715321,15,147797284,13,157189219,0,0,0,0,42,488212525,3,46217760,14,143443893,0,0,0,0,0,0
208,0.0006813779651,56.06373835,89.64648172,0.2961429737,1517.607552,26735.19277,88.38938384,0.6869919179,0,0,0,0,0,0,1,0,0,0,0,1,0,1431,39,177,208,31.6,462.2,490.2,78.6,1944.8,2618.493378,0.0009466348724,3642.632043,175.6918,2263.887547,0.5284557217,82230,5,44,4,40,7,142626154,0,0,4,36147809,5,128978172,2,22499827,0,0,0,0,9,165125981,4,36147809,4,19047172,0,0,0,0,1,109931000
209,0.0006836624882,51.98918491,89.52435425,0.4653933803,1571.712935,18471.54626,88.20127407,0.6973649467,0,1,0,0,0,0,1,0,0,0,0,1,0,384,15.8,44.2,52,127.2,89.8,130.2,20,518.6,1957.499808,0.001228557529,7288.850101,244.6901363,3185.404281,0.5191887908,38122,1,41,3,38,5,237728498,1,17094308,1,10699997,2,210798501,3,26929997,0,0,0,0,6,254822806,1,10699997,5,244122809,0,0,0,0,0,0
210,0.0005950578764,61.26989801,89.36591842,0.3967485167,1225.127324,15507.45683,88.48656732,0.6890449765,0,0,0,0,0,0,1,0,0,0,0,1,0,1475.4,37,172.2,188.4,6.4,376.2,499.4,98.8,1997.2,2049.416961,0.0009076517048,5053.430762,239.8226239,1425.857682,0.5179223828,189312,0,55,5,37,8,255892000,0,0,1,0,6,233100000,2,22792000,0,0,0,0,8,255892000,1,0,3,22792000,0,0,0,0,4,233100000
211,0.0005865588982,50.37112685,90.01610674,0.570258549,1541.63334,4191.505809,81.24693794,0.6442430523,0,1,0,0,0,0,1,0,0,0,0,1,0,546.4,1.2,15.6,23.2,90.6,46.6,131.2,4.2,686,2664.842977,0.001058856685,12646.35995,569.3357122,3414.362385,0.5025429283,570740,2,102,3,44,11,321806254,2,86770938,7,108918765,6,249882304,6,95560804,0,0,0,0,15,445572007,3,48918765,4,122331742,0,0,0,0,4,214321500
212,0.0004959495178,137.847538,88.26005185,0.0538994457,1592.17673,31016.47263,89.52388294,0.7546311584,0,0,0,0,0,0,1,0,0,0,0,1,0,1040.4,3.4,39.2,68.6,246.8,281.2,320.2,8.4,1369.2,3855.156232,0.0001712207021,10101.74855,454.5665214,7051.952291,0.4919834165,24095,0,37,3,36,6,61559146,0,0,3,21808688,6,61559146,7,72454421,0,0,0,0,9,83367834,3,21808688,3,21341208,0,0,0,0,0,0
213,0.0006435693079,44.49476982,90.99412717,0.8325436594,1494.072924,11656.43184,80.94317047,0.593820161,0,0,0,0,0,0,1,0,0,0,0,1,0,1440.6,72,157.4,183.4,154.6,461.6,496,107.6,1953.4,2787.846235,0.001000371327,12109.46771,1295.687038,12535.69691,0.52953147,3350,0,38,3,36,1,4985327,0,0,2,22482734,0,0,2,22482734,0,0,0,0,2,22482734,2,22482734,0,0,0,0,0,0,0,0
214,0.000678835476,43.87051086,90.67529792,2.055344797,1538.451157,13476.46541,86.60662994,0.6314896947,0,0,0,0,0,0,1,0,0,0,0,1,0,937.4,39.4,95.8,103.6,152.2,298.6,327.2,73.8,1284.8,2457.387308,0.0007551003989,13549.76183,408.3170226,13197.53652,0.5065371136,10000,2,67,5,36,NaN,NaN,NaN,NaN,NaN,NaN,NaN,NaN,NaN,NaN,NaN,NaN,NaN,NaN,NaN,NaN,NaN,NaN,NaN,NaN,NaN,NaN,NaN,NaN,NaN,NaN
215,0.0006334863215,43.33684947,89.88642224,2.906239422,1592.519586,14230.96869,89.48459425,0.6658883852,0,0,0,0,0,0,1,0,0,0,0,1,0,786.8,34.8,94.4,100.2,161.8,275.4,272.8,64,1069,2187.409012,0.0006534970178,12997.06915,238.2049811,7522.361222,0.5127004507,65000,1,42,5,37,1,97965000,0,0,0,0,1,97965000,0,0,0,0,0,0,1,97965000,0,0,0,0,0,0,0,0,1,97965000
216,0.0004862984376,203.3871583,88.4026479,0.04849331034,1760.080634,37411.20799,89.64802266,0.7550786453,0,0,0,0,0,0,1,0,0,0,0,1,0,747,1,7.8,8.6,11.8,208.4,241.4,4.8,1024.2,4445.918148,4.57E-05,11308.14785,418.2832946,4879.470872,0.4989649438,0,0,37,3,36,6,368017594,0,0,1,9999627,4,208200924,6,369012221,0,0,0,0,7,378017221,1,9999627,4,173255194,0,0,0,0,2,194762400
217,0.0004746156604,70.11963657,89.22805502,0.1981709556,1155.356519,5418.1339,89.79628992,0.6774973291,0,1,0,0,0,0,1,0,0,0,0,1,0,353,6.8,23,27,256.2,81,119.4,14.4,479.4,1878.843719,0.001051402945,3837.178162,349.9985514,1335.321038,0.5205426544,0,0,37,3,36,4,45188049,0,0,0,0,3,12646835,1,32541214,0,0,0,0,4,45188049,0,0,2,7382800,0,0,0,0,0,0
218,0.0006713667853,60.15598693,89.25807279,0.3245332212,1461.098497,29652.48841,89.98157327,0.6818269208,0,0,0,0,0,0,1,0,0,0,0,1,0,358,12,42.8,50,0.6,1,125.6,16.8,480.8,3130.794803,0.000125419374,8015.355862,168.6411904,1279.501271,0.5426913152,0,0,37,3,36,NaN,NaN,NaN,NaN,NaN,NaN,NaN,NaN,NaN,NaN,NaN,NaN,NaN,NaN,NaN,NaN,NaN,NaN,NaN,NaN,NaN,NaN,NaN,NaN,NaN,NaN
219,0.0004540870551,77.06817222,92.61988518,0.01651376147,1169.864396,8060.210448,89.6574833,0.6371737691,0,1,0,0,0,0,1,0,0,0,0,0,0,4302.4,218.6,338.4,113.8,0.6,801.2,1524.8,601.2,2191.2,3784.971978,9.83E-05,923.7242473,2851.555281,5222.257171,0.5411579885,21747,6,0,0,0,41,2018642081,0,0,8,137508370,9,228219800,34,1808460529,0,0,0,0,47,2105992970,7,133008370,31,1750302800,0,0,0,0,1,167655800
220,0.0004710648706,148.6355344,88.20754528,0.2977778103,1013.952278,13359.56261,89.14425293,0.7324834494,0,0,0,0,0,0,1,0,0,0,0,1,0,1392.6,13.4,39.8,1.6,1,4.4,476.6,161.4,621.4,3594.654814,6.98E-05,3681.932637,532.8118027,4322.650807,0.4941016791,95646,4,0,0,0,6,210221670,0,0,6,73398290,1,149823000,4,64998319,0,0,0,0,8,238221188,5,69998290,0,0,0,0,0,0,1,14999898
221,0.0004013160812,175.7696517,87.85336591,0.4517568245,1017.443568,5330.408103,89.03036407,0.7386809249,0,0,0,0,0,0,1,0,0,0,0,1,0,455,4.6,34,0.2,158.8,75.2,158.2,56.6,208.4,2969.890566,8.07E-05,2544.201636,917.1681943,2747.74404,0.4738469115,3489,0,1,0,0,7,157391756,0,0,2,39999937,5,132542788,5,74204905,0,0,0,0,10,197391693,2,39999937,3,34204968,0,0,0,0,0,0
222,0.0006688127477,48.91144006,89.04202895,0.6472191167,1725.613379,19948.52326,88.4362711,0.7104760439,0,0,0,0,0,0,1,0,0,0,0,1,0,500.6,5.4,45.2,50.6,0.4,0.4,173.4,0.2,532.2,1784.389979,0.0006410532691,3506.785421,209.4368481,3218.415301,0.5269240232,44605,2,197,6,16,3,81710000,0,0,2,17950000,1,63760000,2,17950000,0,0,0,0,3,81710000,2,17950000,0,0,0,0,0,0,0,0
223,0.000664152804,47.24465453,89.47545407,0.6984137128,1642.889312,13030.77787,88.59755165,0.6947396383,0,0,0,0,0,0,1,0,0,0,0,1,0,843.4,17.6,99.6,102.2,51.2,188.2,298,0,887.2,2064.846588,0.0002898279485,8870.346803,186.6449431,2100.43918,0.5107628092,101958,3,178,6,13,2,2418000,0,0,2,2418000,0,0,2,2418000,0,0,0,0,2,2418000,2,2418000,0,0,0,0,0,0,0,0
224,0.0006247539669,45.16441566,90.59494192,0.3318508235,1566.161633,3216.865261,82.07255273,0.5847854843,0,0,1,0,0,0,1,0,0,0,0,1,0,1928.6,35.6,230.6,231.6,53.4,532.4,680.6,0,2038.2,3037.574467,0.0006528958948,19441.55666,1282.576608,5214.500785,0.5142660698,606699,0,188,7,17,4,31634271,0,0,4,27990910,0,0,6,45850910,0,0,0,0,7,49645910,4,27990910,3,21655000,0,0,0,0,0,0
225,0.0006772272479,51.91709357,89.32337872,0.4909595486,1584.374649,14590.12363,87.7046076,0.7042901473,0,0,0,0,0,0,1,0,0,0,0,1,0,1090.8,68.4,113.6,124.6,234.6,360.6,380.2,0,1156.2,1737.798966,0.001733796784,10900.69073,142.3075073,2042.449819,0.5001168174,64416,3,185,7,15,3,78786000,0,0,1,3472000,1,67992000,1,7322000,0,0,0,0,3,78786000,1,3472000,1,7322000,0,0,0,0,1,67992000
226,0.0006725207894,53.38300065,89.62459212,0.1522912035,1578.134489,21794.58679,89.1354443,0.7028855781,0,0,0,0,0,0,1,0,0,0,0,1,0,1309.6,87.2,140.8,148.2,53.8,352,469,0.6,1388.4,1740.879262,0.001273099962,4687.872445,144.733576,1596.343725,0.5124332759,53950,1,236,12,17,7,95588000,0,0,0,0,1,32885000,7,95588000,0,0,0,0,7,95588000,0,0,7,95588000,0,0,0,0,0,0
227,0.0006770974195,52.06668307,89.39702111,0.2973025056,1641.052374,25271.79194,88.10101726,0.6873329009,0,0,0,0,0,0,1,0,0,0,0,1,0,352,7.6,36.8,37.4,124.6,90.8,121.6,0,372.8,2237.936982,0.0005050064615,3807.851374,165.159417,3171.002509,0.5499076675,65154,1,186,7,15,4,65118000,0,0,2,4662000,0,0,3,62787000,0,0,0,0,4,65118000,2,4662000,2,60456000,0,0,0,0,0,0
228,0.0007136979542,58.22456237,89.56035975,0.3276060951,1574.752881,31988.08957,88.94609197,0.6709961983,0,0,0,0,0,0,1,0,0,0,0,1,0,1159.8,75.8,111.8,126.4,33.2,350.2,402.8,0,1225.2,2042.061489,0.0005106347769,6851.803364,177.386541,3161.162548,0.5543017702,70176,0,193,6,13,38,1125968074,21,725194363,23,359446944,11,599315077,41,1245134455,0,0,0,0,63,1907748218,22,349538084,27,972176631,0,0,0,0,9,499628870
230,0.0006692300022,52.79237455,89.37655409,0.3782650476,1687.246571,26856.02451,86.62782768,0.6815244879,0,0,0,0,0,0,1,0,0,0,0,1,0,82,0,4.8,5.6,0.2,0.2,27.6,0,85.6,2493.97563,0.00234815403,6066.60514,219.7026799,724.9697995,0.5574521507,0,0,178,6,13,0,0,1,8995000,0,0,0,0,0,0,0,0,0,0,1,8995000,0,0,0,0,0,0,0,0,0,0
231,0.0005043847916,71.71238683,88.70484998,0.1096226979,2074.420286,10402.29238,88.89255886,0.758967762,0,0,0,1,0,0,0,0,0,0,0,1,0,1315.6,7.2,116.8,39.2,134.4,456.4,427.6,124.4,1478,6989.620764,7.17E-05,22403.51218,4677.865149,7109.918505,0.4864257261,51222,0,165,8,20,3,7433985,3,19598018,4,108999444,3,7433985,3,53999543,0,0,0,0,10,136031447,1,54999901,2,10588066,0,0,0,0,0,0
232,0.000674550797,52.55334423,89.34765494,0.4295813099,1753.68938,28294.64167,88.91488641,0.6908335762,0,0,0,0,0,0,1,0,0,0,0,1,0,270.2,8,34,15.4,1.6,1.4,92.8,37.6,311.8,1998.079771,0.0002772573444,8729.108814,178.3817763,1378.917167,0.5456003307,0,0,165,8,20,1,10997453,0,0,1,10997453,0,0,0,0,0,0,0,0,1,10997453,1,10997453,0,0,0,0,0,0,0,0
233,0.0005251813439,81.07054531,88.76907544,0.3614442756,1892.986489,30711.8507,88.84795484,0.7574232169,0,0,0,0,0,1,0,0,0,0,0,1,0,824.6,0.4,43.4,3.8,55.4,254.8,276.4,65,962.2,3686.325883,4.60E-05,28480.17951,1422.03112,2928.916712,0.5230428262,19277,1,180,8,20,6,28856226,1,2985500,4,27518561,5,18926675,2,13499367,0,0,0,0,10,75532276,4,27518561,3,5941252,0,0,0,0,1,2985500
234,0.0006886533711,60.23324193,89.42060554,0.3164842285,1655.831653,35038.9034,88.8171675,0.6972991147,0,0,0,0,0,0,1,0,0,0,0,1,0,682.8,18.2,73.2,34.6,188.2,162.4,231.2,80.4,800.8,2440.196395,0.0001805507344,13825.44654,200.034505,1743.547732,0.5401468614,1450,1,166,8,22,1,84985000,2,13490320,2,10448717,1,84985000,1,5948758,0,0,0,0,4,104424078,2,10448717,0,0,0,0,0,0,1,84985000
235,0.0007286865073,65.40703479,89.85022637,0.2609569154,1602.828882,42193.84427,89.39764124,0.6619003833,0,0,0,0,0,0,1,0,0,0,0,1,0,50,0,0.8,0,3.6,14.6,16.2,3,58.4,2476.495249,8.73E-05,16470.91059,193.8553952,3816.459583,0.55536945,0,0,165,8,20,NaN,NaN,NaN,NaN,NaN,NaN,NaN,NaN,NaN,NaN,NaN,NaN,NaN,NaN,NaN,NaN,NaN,NaN,NaN,NaN,NaN,NaN,NaN,NaN,NaN,NaN
236,0.0006981055783,62.33277726,90.54571429,0.42,1498.898633,29270.92887,89.98038943,0.6897776498,0,1,0,0,0,0,1,0,0,0,0,1,0,53.2,2.4,6.8,4,3,32.4,17.8,5.4,62.2,2830.021577,0.0001670962242,9156.088652,114.0643572,579.7228351,0.5511404163,0,0,165,8,20,NaN,NaN,NaN,NaN,NaN,NaN,NaN,NaN,NaN,NaN,NaN,NaN,NaN,NaN,NaN,NaN,NaN,NaN,NaN,NaN,NaN,NaN,NaN,NaN,NaN,NaN
237,0.0006892426429,67.41380594,89.59292188,0.4453225841,1490.58336,23961.91881,89.32507143,0.680438652,0,0,0,0,0,0,1,0,0,0,0,1,0,127.4,0,8.6,0.2,2.6,46.6,43.6,0.2,158,4034.232287,0.0008180578581,15511.62522,204.1359909,1992.732753,0.5440934358,0,0,135,3,32,3,66868000,2,20818979,0,0,3,66868000,0,0,0,0,0,0,5,87686979,0,0,2,14930000,0,0,0,0,2,67779493
238,0.0007020717277,61.19029682,89.63445283,0.5310774377,1446.443603,23369.48642,89.097679,0.6819921937,0,1,0,0,0,0,1,0,0,0,0,1,0,677.8,10.2,58,15.8,134.8,213.2,257.6,0.2,857.4,1967.735783,0.001323763782,15134.41761,182.4739715,1148.106044,0.5352764746,118434,2,150,5,37,1,29999998,0,0,1,29999998,0,0,0,0,0,0,0,0,1,29999998,1,29999998,0,0,0,0,0,0,0,0
239,0.0006205274064,54.45565698,90.46753615,0.7964245305,1172.794558,7698.28853,81.90258163,0.61409457,0,1,0,0,0,0,1,0,0,0,0,1,0,1068.8,2.6,170.6,7,217.6,348,378.4,0.2,1345.6,2908.848044,0.001534763799,11252.02197,938.4436549,2548.440665,0.5024572208,272019,2,137,3,34,4,377126050,0,0,0,0,5,377126050,2,219615050,0,0,0,0,5,377126050,0,0,2,219615050,0,0,0,0,2,157511000
240,0.0006801487908,74.09780095,89.50300747,0.3360804002,1564.130259,11610.88832,88.03728926,0.6804486109,0,1,0,0,0,0,1,0,0,0,0,1,0,115.6,0,3.8,3.4,18.2,39.6,38.4,22.2,215.4,4437.340701,7.84E-05,18978.29,258.8139305,2473.263309,0.543818888,0,0,156,27,48,0,0,0,0,1,9999999,0,0,1,9999999,0,0,0,0,1,9999999,1,9999999,0,0,0,0,0,0,0,0
241,0.0007195310982,74.27744218,89.68831221,0.3143921491,1625.85059,28821.4234,88.70680853,0.683714766,0,0,0,0,0,0,1,0,0,0,0,1,0,536.4,0,48.4,43.2,78.6,89.4,156.4,93.4,1011.4,3373.999089,0.0002719663076,9621.90483,201.2798941,2114.667329,0.5479655722,5782,2,156,27,48,5,27165320,2,23595344,1,9076129,4,12177320,3,26567379,0,0,0,0,8,59836793,0,0,2,18452953,0,0,0,0,2,23595344
242,0.0007128613846,63.57962901,89.86666667,0.9333333333,1466.632617,30009.16185,89.98743795,0.6688123862,0,0,0,0,0,0,1,0,0,0,0,1,0,0.8,0,0,0,1.4,0,0,0,2.2,1084.319963,0.000300828675,8463.352344,261.1409063,1145.986623,0.5527369499,0,0,156,27,48,NaN,NaN,NaN,NaN,NaN,NaN,NaN,NaN,NaN,NaN,NaN,NaN,NaN,NaN,NaN,NaN,NaN,NaN,NaN,NaN,NaN,NaN,NaN,NaN,NaN,NaN
243,0.0006936736075,65.25685158,89.56666667,0.94,1528.699439,16306.16365,89.9810759,0.6830179314,0,0,0,0,0,0,1,0,0,0,0,1,0,18,0,2.4,1.4,3.4,2.4,5,2.6,34,3833.646143,0.0001520115185,21196.6619,232.0367306,2930.577632,0.5361548791,0,0,156,27,48,1,5773267,0,0,0,0,1,5773267,0,0,0,0,0,0,1,5773267,0,0,1,5773267,0,0,0,0,0,0
244,0.0007021632345,78.84657611,89.38871302,0.2144219799,1567.792263,15792.61583,89.05487997,0.7007629121,0,0,0,0,0,0,1,0,0,0,0,1,0,468.6,8.6,53,53.2,46.8,173.4,141.8,90,894.6,2434.025125,4.19E-05,12912.22773,317.0749745,4882.643198,0.5461229512,0,0,156,27,48,5,15512575,1,13861361,3,31309974,4,11272974,3,21561372,0,0,0,0,9,60683910,2,23963904,3,8496892,0,0,0,0,0,0
245,0.0003883367416,156.1376651,88.97174397,0.08463585747,1733.174782,51722.23958,88.84755868,0.745083458,0,1,0,0,0,0,0,0,0,0,0,1,0,1953,4.2,63.2,58.4,125,640.4,610.8,415.4,3699.2,4149.087765,4.25E-05,12962.66379,562.601416,3349.223546,0.5173696229,4757,2,162,33,49,6,24219483,8,59751653,5,39845634,5,17221820,4,32363504,0,0,0,0,18,116819107,3,23465075,4,11781137,0,0,0,0,2,24257499
246,0.0004822473961,126.186611,89.41777162,0.1626218075,1852.368353,37345.4784,88.90093069,0.7127425728,0,0,0,1,0,0,0,0,0,0,0,1,0,1964.8,4.2,91.6,95,143,727,611.6,411,3751.8,4282.629737,3.18E-05,7417.188547,275.6185444,3548.576508,0.545006673,12099,6,164,28,67,20,182480620,2,24837069,6,107241863,19,169848620,11,162625220,0,0,0,0,29,284383042,3,25943094,10,147430086,0,0,3,34562766,0,0
247,0.0005477253848,119.0661586,89.31318885,0.1478576971,1770.849016,31717.58334,89.21869248,0.7072314666,0,1,0,0,0,0,1,0,0,0,0,1,0,1012.2,0.6,51.6,53.4,125.2,402.2,320,186,1921.8,4578.958438,3.62E-05,7070.503896,268.3028248,3693.772611,0.5451415243,19680,2,159,28,49,6,60354272,1,2992215,12,148476001,4,22504273,12,146693632,0,0,0,0,17,173972489,11,137188977,3,14298730,0,0,0,0,0,0
248,0.0006664765712,103.3175928,89.81168258,0.4437191322,1829.414424,31262.49448,88.65428773,0.7253530021,0,0,0,0,1,0,0,0,0,0,0,1,0,1245.2,4,39.6,59.6,61.4,391.6,360.6,0.6,1319.2,2799.046653,5.69E-05,4595.307475,202.8347888,2130.634059,0.5227773694,0,1,5,4,2,1,12066000,0,0,0,0,1,12066000,1,12066000,0,0,0,0,1,12066000,0,0,1,12066000,0,0,0,0,0,0
249,0.0005598263893,94.75926548,89.39932963,0.1816683373,1838.892262,12469.53819,85.45314952,0.6863432781,0,1,0,0,0,0,1,0,0,0,0,1,0,3024,22.6,120,44.2,77.2,1146.4,869.2,827,3145.2,4159.477444,0.000150156382,8026.982755,1021.156677,4884.883882,0.5140688704,3594,0,38,5,61,12,474018306,2,79207844,5,50619169,6,414455192,7,66559167,0,0,0,0,15,560222203,4,46985969,6,106207034,0,0,0,0,5,407029200
250,0.0006243014234,85.56673696,90.22109987,0.8060753807,1633.25874,11324.03848,85.24785942,0.6694813265,0,1,0,0,0,0,1,0,0,0,0,1,0,1122.4,0,14.4,0,107.8,391.6,346.6,339,1175,5697.273637,0.0004468520305,6918.310194,1113.679259,4549.941379,0.5244672369,41310,6,46,5,75,5,71138669,0,0,3,8984961,3,62153708,3,8984961,0,0,0,0,6,71138669,2,2985999,4,68152670,0,0,0,0,0,0
251,0.0006523493378,84.54564668,89.84600149,0.9628622818,1782.390538,16074.85634,88.82677093,0.6952233341,0,1,0,0,0,0,1,0,0,0,0,1,0,920.6,0,15.2,0,116.6,267,274.8,262.8,985.4,3356.522967,0.0007191229253,5664.089466,264.8106464,4391.72673,0.5306183787,28181,2,44,8,65,6,262535440,0,0,1,49999779,6,361827087,1,0,0,0,0,0,7,411826866,1,49999779,4,43009661,0,0,0,0,2,318817426
252,0.000682351489,73.14320982,89.24024754,1.141299532,1349.60323,6887.611734,88.97940984,0.6327519567,0,1,0,0,0,0,1,0,0,0,0,1,0,2460.4,120,301,223.8,249.4,398.2,995.6,48.8,1316.2,3241.510377,0.0003956966791,4114.847385,288.1919351,3542.872283,0.569003053,88148,6,41,6,24,1,100000000,0,0,0,0,0,0,1,100000000,0,0,0,0,1,100000000,0,0,1,100000000,0,0,0,0,0,0
253,0.0005424790499,193.9629547,88.4524658,1.116310624,1524.252392,17768.91363,89.92982387,0.7010202924,0,1,0,0,0,0,0,0,1,0,0,1,0,1537.4,37,194.8,128.6,364.8,246.8,610.4,23.4,796.6,3993.290996,6.59E-05,12806.81264,1225.731899,2552.363227,0.5230639747,53838,4,25,6,27,2,23370400,0,0,0,0,2,23370400,0,0,0,0,0,0,2,23370400,0,0,0,0,0,0,0,0,0,0
254,0.0005150382394,126.7508356,88.60438231,0.3756524422,1179.967814,21853.26984,89.6161499,0.6834912328,0,1,0,0,0,0,0,0,1,0,0,1,0,4426.4,103.8,517.6,319.8,434.8,898.2,1747.8,48,2259.2,4871.4823,0.000127433909,9293.495027,974.6370267,4416.004627,0.5462276921,12494,2,16,6,24,1,100000000,0,0,0,0,1,100000000,1,100000000,0,0,0,0,1,100000000,0,0,0,0,0,0,0,0,1,100000000
255,0.0004387476816,486.3580542,87.68068388,0.03013342011,1139.958764,21629.53631,89.74215246,0.8013621559,0,1,0,0,0,0,1,0,0,0,0,1,0,2401.8,3.6,168.2,21.4,3.4,681.8,549.6,1075,2423.8,6277.281744,5.54E-05,30471.66369,736.0377092,4746.200205,0.464513132,43432,1,4,0,2,6,154565873,3,101225991,5,62710218,3,115798167,0,0,0,0,0,0,11,279734376,5,62710218,4,140523158,0,0,0,0,2,76501000
256,0.0006281490766,28.26990984,91.00159847,0.4360598191,2410.180893,9566.711118,72.77412398,0.5114326472,0,0,1,0,0,0,1,0,0,0,0,1,0,1285.8,0.8,190.2,127.2,420.2,781,596,34.4,960.6,4240.262935,2.44E-04,17766.2126,2213.800067,8570.588785,0.5164513957,265395,2,3,1,2,7,85607550,0,0,3,16463376,5,72616160,6,63866257,0,0,0,0,9,95699465,3,16463376,3,47402881,0,0,0,0,0,0
257,0.0005404601234,28.26574948,90.17240586,0.3473625438,3136.017529,30597.53489,84.43578346,0.6278157428,0,0,1,0,0,0,0,0,1,0,0,0,0,2738.8,115,396.6,260,573,2081.2,1252,57.8,1948.6,3477.917473,2.30E-05,45756.44796,658.2012395,2759.051733,0.5122969967,37769,1,1,2,1,17,160089431,0,0,4,15089021,1,0,17,165314376,0,0,0,0,18,165314376,4,15089021,12,126360355,0,0,0,0,1,23865000
258,0.00070284542,61.90793622,89.4709893,0.2717888605,1602.828882,39549.10611,87.9792036,0.6743139202,0,0,0,0,0,0,1,0,0,0,0,1,0,131.2,4.2,16.2,5.6,0.2,0.4,44,16.2,152.2,1927.704328,1.12E-04,10017.64401,215.7343899,1167.515349,0.5534386931,0,0,165,8,20,NaN,NaN,NaN,NaN,NaN,NaN,NaN,NaN,NaN,NaN,NaN,NaN,NaN,NaN,NaN,NaN,NaN,NaN,NaN,NaN,NaN,NaN,NaN,NaN,NaN,NaN
259,0.0006590449768,71.39037935,89.76932241,0.2756352891,1528.911473,43154.17829,87.96391532,0.703366408,0,1,0,0,0,0,1,0,0,0,0,1,0,1390.2,15,137.4,63.8,81.8,444,457.6,153.8,1627,2899.176583,7.63E-05,6860.081955,243.3655525,1732.045621,0.5211760591,66221,1,178,9,28,6,235660595,1,9896814,2,32216600,5,227662613,4,125416600,0,0,0,0,7,245557409,1,7997982,3,105895995,0,0,0,0,2,107444814
260,0.0005572362033,94.50630641,89.1287806,0.1903171178,1548.972494,47883.88244,88.96762497,0.709177849,0,0,0,1,0,0,0,0,0,0,0,1,0,603.8,0.2,8.4,2.2,316.2,212.6,221.6,23.6,673,3309.132433,6.32E-05,26975.12969,254.832955,1777.024494,0.5396391873,21542,1,167,8,20,4,53243528,4,251877440,3,33778670,6,207287190,2,29990711,0,0,0,0,11,338899638,1,14995365,1,37510000,0,0,0,0,1,5000000
261,0.0005323723482,101.1803872,89.27453323,0.166228397,1554.195659,56967.87281,89.18644155,0.7052929089,0,0,0,0,0,1,0,0,0,0,0,1,0,2245.2,73.4,224.6,188.2,253,701.2,732,249.4,2544.4,4591.47088,4.07E-05,25657.61934,292.7583051,2803.85564,0.5442444308,11454,2,175,10,28,5,41817295,2,19977910,0,0,3,31435661,2,10381634,0,0,0,0,7,61795205,0,0,3,20215634,0,0,0,0,1,18958558
262,0.0005438370061,82.59255853,89.2737395,0.2183901386,1789.678737,42102.08219,89.30982247,0.7272551322,0,0,0,1,0,0,0,0,0,0,0,1,0,1274,16,68.8,30.2,20,390.4,427.8,98.4,1496.6,2413.042526,6.02E-05,25525.15405,249.8977931,2711.687956,0.5264337529,1780,0,179,8,28,19,115125928,14,433356563,8,140323886,23,328864714,13,357244160,0,0,0,0,38,591485044,7,130324032,16,323359572,0,0,0,0,2,27945000
263,0.000651016437,53.13150494,89.35551666,0.6927085278,2010.195643,20029.5345,88.7561117,0.7154335535,0,0,0,1,0,0,0,0,0,0,0,1,0,565,1,46.8,12.4,65,193.8,188,53.6,659.6,3426.346263,8.32E-05,15166.67642,214.2108976,2329.032362,0.5353134331,0,0,165,8,20,13,335650448,3,30100468,5,219895229,8,115755219,1,8994932,0,0,0,0,16,365750916,2,18895526,9,124173751,0,0,0,0,1,12871418
264,0.0006451312855,48.80610696,89.55069534,0.4204343121,2147.405885,9475.921544,86.47910634,0.6728620712,0,0,0,0,0,0,1,0,0,0,0,1,0,1169.2,11,172.6,89.6,233,413,487,0.4,1101,2803.657261,6.68E-04,4319.542565,300.675901,2614.269474,0.5263180714,106252,1,946,120,74,0,0,1,23587000,1,5999964,0,0,2,29586964,0,0,0,0,2,29586964,0,0,1,23587000,0,0,0,0,0,0
265,0.0006616862185,46.27107811,89.65376436,0.9518069172,1897.60195,17437.61457,88.61408469,0.6930861456,0,0,0,0,0,0,1,0,0,0,0,1,0,1333.8,7.4,202.2,67.2,257,559.2,538.2,25.6,1304.6,2629.04721,7.39E-04,5633.924252,232.6011481,1653.082593,0.526800179,707924,5,924,123,73,8,211801644,1,5980000,0,0,5,164693976,4,85847668,0,0,0,0,9,217781644,0,0,3,61475794,0,0,0,0,4,140440000
266,0.0006134567904,41.05057154,91.77291796,0.2605380859,1667.262116,3184.008867,77.13980521,0.5245042246,0,0,1,0,0,0,1,0,0,0,0,1,0,1934.6,67.8,266.2,157,211.2,1116.4,817.8,5.4,1788.6,4332.429582,0.0004507612503,25405.153,1407.895126,6968.234644,0.527903979,510368,11,941,123,76,1,12114000,1,17981112,0,0,0,0,1,12114000,0,0,0,0,2,30095112,0,0,1,12114000,0,0,0,0,1,17981112
267,0.0004679322531,76.02989014,91.39273405,0.2450935744,1122.770199,4379.471242,80.38770966,0.6183796332,0,1,0,0,0,0,0,0,1,0,1,0,0,4365,220.4,341.6,108.8,272.2,516,1549.4,616.8,2230.4,2957.380452,0.0003457736764,960.9634674,1907.310675,2691.405645,0.5005409349,0,0,0,0,0,12,592486188,13,329793612,18,216068491,12,486835426,10,352349056,0,0,0,0,43,1131934359,4,59116901,9,226483602,0,0,0,0,9,474688115
268,0.0007298578245,74.23018164,89.52547553,0.3020803291,1509.650524,39265.52521,88.82268288,0.6902954021,0,0,0,0,0,0,1,0,0,0,0,0,0,574.8,1,12,12.2,137.6,185.6,206.8,98.8,1098.8,2716.084304,0.0001304466205,4294.60118,189.0788403,2194.79102,0.5515998394,49671,0,144,6,47,5,55758659,0,0,4,48430083,3,15668159,1,12190500,0,0,0,0,9,104188742,4,48430083,3,19861934,0,0,0,0,1,27900000
269,0.000647313209,56.88030754,90.85308779,0.4315626353,1280.729806,6588.502404,85.0532612,0.6018648143,0,0,0,0,0,0,1,0,0,0,0,1,0,1824.6,13.8,276.4,31,296.6,665.6,652.2,3.8,2294.4,4424.775763,0.0005871242211,20049.98026,972.2792759,4926.034178,0.5191332651,319628,4,204,4,39,32,1122824904,3,47240080,21,275573304,11,357975621,26,955565391,0,0,0,0,47,1334682989,20,224408472,22,997985024,0,0,0,0,4,61124661
270,0.0007076006113,66.53583275,90.1099281,0.3058381848,1445.102165,9929.171538,86.01802424,0.6485117287,0,0,0,0,0,0,1,0,0,0,0,1,0,5129.8,178.4,669.6,410,692.4,3062,1862.6,41.4,6519,3600.029027,8.70E-05,20641.29546,1133.973362,4937.392422,0.5254180873,185900,2,151,6,32,2,38599999,3,32689420,3,28852941,1,34600000,2,6985039,0,0,0,0,6,81289318,2,13999898,0,0,0,0,0,0,2,49451337
271,0.0005618486745,73.08061576,89.64962122,2.78689141,1005.560974,6636.662273,87.88299784,0.6825983066,0,0,0,0,0,0,1,0,0,0,0,1,0,2146.2,25,325.6,79,342.6,794.8,901.6,24.6,2493.4,2877.147335,0.000339646461,10214.56998,550.5233248,3247.781731,0.4790906509,243011,32,78,8,5,27,2420207005,12,364878399,12,215473552,20,2295865236,7,114256397,0,0,0,0,47,2903597994,10,152172582,12,1056313701,0,0,0,0,19,1632161192
272,0.0005512347243,72.19817261,89.14877986,0.3371986281,1660.791977,20571.52634,81.2507923,0.6587939303,0,0,0,0,0,0,1,0,0,0,0,1,0,1651.6,30,145.8,217.4,35.2,411,573.4,47.8,2255.6,2550.172741,0.000527935127,9355.384851,756.8203841,3523.29837,0.5272312698,10499,0,37,3,36,4,48074498,3,31438375,0,0,5,54691298,1,4933900,0,0,0,0,7,79512873,0,0,3,15565198,0,0,0,0,2,52396975
273,0.0004232586866,223.3404564,87.81491143,0.07514580736,1474.511394,21252.30536,88.4367886,0.7611475437,0,0,0,0,0,0,0,0,1,0,0,1,0,806.6,14.8,60.6,12.6,21,193,264.6,71.2,585.4,6395.954573,2.20E-04,8833.634584,937.9756535,6467.911987,0.4872289587,981,0,37,3,36,7,355064518,2,32177821,10,197620762,2,301443000,3,27621614,0,0,0,0,14,531241583,9,189559953,1,8060809,0,0,0,0,4,333620821
274,0.0006646237344,39.25215874,89.95985297,0.1161222021,3098.413666,2796.174519,85.44501338,0.6398380139,0,1,0,0,0,0,1,0,0,0,0,1,0,201.2,0,6.2,2,76.6,95.2,90.4,0.8,274.6,5617.381455,2.43E-05,8255.683281,565.9454864,2512.543091,0.5355594903,0,0,126,16,2,NaN,NaN,NaN,NaN,NaN,NaN,NaN,NaN,NaN,NaN,NaN,NaN,NaN,NaN,NaN,NaN,NaN,NaN,NaN,NaN,NaN,NaN,NaN,NaN,NaN,NaN
275,0.0004032658832,417.9094885,87.34051596,0.1657526878,1275.217243,39205.68466,89.89544162,0.8172998873,0,1,0,0,0,0,0,0,1,0,0,1,0,1832.2,0.4,79.8,6,50.6,355.4,439.6,328.8,4569.6,10933.14975,3.35E-05,30931.34683,2531.410356,7652.934384,0.4464578498,9856,0,77,2,0,1,43340000,0,0,5,78964373,1,43340000,1,24999515,0,0,0,0,6,122304373,5,78964373,0,0,0,0,0,0,1,43340000
276,0.0006300336046,88.62340319,89.64023954,0.5769374724,1678.16564,13605.91633,88.13559277,0.6859695071,0,0,0,0,0,0,1,0,0,0,0,1,0,2007.6,45,98.4,206,38,485,467.4,301.2,2855.6,2794.886633,0.0007469226839,7247.533332,420.7066606,4127.014434,0.5311354059,63300,1,77,2,29,10,205037565,2,38859908,12,192504029,0,0,5,136196641,0,0,0,0,15,310032932,12,192504029,1,78668995,0,0,0,0,2,38859908
277,0.0006858663808,92.80040119,89.97660344,0.3785153589,1686.829035,13239.5791,87.20670548,0.695636925,0,0,0,0,0,0,1,0,0,0,0,1,0,1078.6,28,55.6,105.8,25.6,272.4,259.2,148.8,1523.2,2367.762629,1.15E-03,8365.419792,362.4080838,2650.086348,0.5159821859,32798,0,73,2,28,20,385908027,10,346572720,49,403184262,2,75231974,52,738449129,0,0,0,0,64,997784308,47,354631703,9,492075974,0,0,0,0,1,61101000
278,0.0005840197007,128.1032982,89.40401037,0.1212066233,1904.462638,52634.18024,88.21647932,0.747648943,0,0,0,0,0,0,0,1,0,0,0,1,0,980,0,2.4,4.2,39.8,425.8,303.8,0,1067.8,2899.249081,4.52E-05,4626.485827,433.8693875,2416.468146,0.5030948471,2750,1,6,5,1,0,0,0,0,1,39999980,0,0,0,0,0,0,0,0,1,39999980,1,39999980,0,0,0,0,0,0,0,0
279,0.0005611096654,110.0830021,89.09961076,0.2003857719,1837.597541,23205.86464,88.8298888,0.7573495857,0,1,0,0,1,0,0,0,0,0,0,1,0,1537.4,9,75.8,111.4,257.2,676,403.6,6.2,1707,2505.759731,5.51E-05,5187.337075,639.5271111,1934.60104,0.4915857869,6056,0,6,4,1,1,16252000,0,0,1,9999919,0,0,1,16252000,0,0,0,0,2,26251919,1,9999919,1,16252000,0,0,0,0,0,0
280,0.000622817604,89.18760576,90.89515026,0.285353978,1732.541397,5900.210354,85.6191165,0.6346575901,1,0,0,0,0,0,1,0,0,0,0,1,0,474,0.6,3.2,4,5,84.8,159.4,1.4,525.6,4212.554279,0.0008029163289,28016.69975,1201.724907,6337.813052,0.5292898373,0,0,72,14,7,19,150322361,13,160031838,19,150322361,13,49954998,15,96954295,0,0,0,0,32,310354199,19,150322361,2,59497590,0,0,0,0,11,100534248
281,0.0006291974371,85.16803537,91.70167057,0.3313401269,1702.331701,3055.56243,76.37228498,0.539601704,0,0,1,0,0,0,1,0,0,0,0,1,0,824.8,0.8,3.6,12.4,36.6,122.2,203.2,2.8,946,5168.756598,8.10E-04,21688.78895,2047.179471,11398.49374,0.5279071982,17403,7,71,14,10,17,484526026,2,48374763,11,176495764,8,260267610,12,192505478,4,319304768,0,0,28,974098160,10,165206792,6,223048995,0,0,0,0,5,195664763